experiment_id,timestep,episode,mean_reward_50,mean_ep_length_50,timestamp
5,61,1,4.0,310.0,2026-03-22T01:13:28
5,107,2,3.0,288.0,2026-03-22T01:13:28
5,132,3,2.0,249.0,2026-03-22T01:13:29
5,166,4,1.75,240.2,2026-03-22T01:13:29
5,205,5,1.8,234.2,2026-03-22T01:13:29
5,246,6,1.833,233.8,2026-03-22T01:13:29
5,282,7,1.714,230.4,2026-03-22T01:13:29
5,316,8,1.625,228.6,2026-03-22T01:13:30
5,339,9,1.444,220.1,2026-03-22T01:13:30
5,371,10,1.4,218.3,2026-03-22T01:13:30
5,414,11,1.455,220.2,2026-03-22T01:13:30
5,456,12,1.5,222.2,2026-03-22T01:13:30
5,481,13,1.385,217.5,2026-03-22T01:13:31
5,546,14,1.571,225.1,2026-03-22T01:13:31
5,582,15,1.533,224.7,2026-03-22T01:13:31
5,625,16,1.562,226.0,2026-03-22T01:13:31
5,668,17,1.588,226.0,2026-03-22T01:13:31
5,693,18,1.5,222.8,2026-03-22T01:13:32
5,780,19,1.737,232.5,2026-03-22T01:13:32
5,823,20,1.75,232.7,2026-03-22T01:13:32
5,880,21,1.857,235.7,2026-03-22T01:13:32
5,914,22,1.818,234.8,2026-03-22T01:13:33
5,953,23,1.826,234.7,2026-03-22T01:13:33
5,992,24,1.833,234.6,2026-03-22T01:13:33
5,1017,25,1.76,231.4,2026-03-22T01:13:33
5,1063,26,1.769,232.3,2026-03-22T01:13:33
5,1099,27,1.741,231.3,2026-03-22T01:13:34
5,1154,28,1.786,232.8,2026-03-22T01:13:34
5,1195,29,1.793,232.3,2026-03-22T01:13:34
5,1254,30,1.833,234.8,2026-03-22T01:13:34
5,1279,31,1.774,232.3,2026-03-22T01:13:35
5,1333,32,1.812,233.8,2026-03-22T01:13:35
5,1374,33,1.818,233.4,2026-03-22T01:13:35
5,1404,34,1.794,232.5,2026-03-22T01:13:35
5,1429,35,1.743,231.0,2026-03-22T01:13:35
5,1452,36,1.694,229.0,2026-03-22T01:13:36
5,1475,37,1.649,226.9,2026-03-22T01:13:36
5,1522,38,1.684,227.9,2026-03-22T01:13:36
5,1564,39,1.692,228.5,2026-03-22T01:13:36
5,1600,40,1.675,227.9,2026-03-22T01:13:36
5,1655,41,1.707,229.3,2026-03-22T01:13:37
5,1701,42,1.714,229.9,2026-03-22T01:13:37
5,1756,43,1.744,231.0,2026-03-22T01:13:37
5,1795,44,1.75,231.1,2026-03-22T01:13:37
5,1820,45,1.711,230.0,2026-03-22T01:13:37
5,1869,46,1.739,230.8,2026-03-22T01:13:38
5,1937,47,1.787,232.9,2026-03-22T01:13:38
5,1969,48,1.771,232.1,2026-03-22T01:13:38
5,2014,49,1.776,232.3,2026-03-22T01:13:38
5,2039,50,1.74,230.7,2026-03-22T01:13:39
5,2073,51,1.68,228.8,2026-03-22T01:13:39
5,2142,52,1.74,230.7,2026-03-22T01:13:39
5,2190,53,1.8,232.5,2026-03-22T01:13:39
5,2235,54,1.82,232.9,2026-03-22T01:13:39
5,2269,55,1.8,232.5,2026-03-22T01:13:40
5,2310,56,1.8,232.5,2026-03-22T01:13:40
5,2356,57,1.82,233.3,2026-03-22T01:13:40
5,2427,58,1.9,236.1,2026-03-22T01:13:40
5,2452,59,1.9,236.1,2026-03-22T01:13:41
5,2493,60,1.92,237.0,2026-03-22T01:13:41
5,2578,61,2.04,240.4,2026-03-22T01:13:41
5,2630,62,2.06,241.0,2026-03-22T01:13:41
5,2683,63,2.12,243.5,2026-03-22T01:13:42
5,2717,64,2.06,241.0,2026-03-22T01:13:42
5,2742,65,2.04,239.7,2026-03-22T01:13:42
5,2797,66,2.06,240.8,2026-03-22T01:13:42
5,2831,67,2.04,240.3,2026-03-22T01:13:42
5,2852,68,2.04,240.2,2026-03-22T01:13:43
5,2886,69,1.94,236.2,2026-03-22T01:13:43
5,2911,70,1.9,234.8,2026-03-22T01:13:43
5,2964,71,1.88,234.8,2026-03-22T01:13:43
5,2998,72,1.88,234.8,2026-03-22T01:13:43
5,3051,73,1.9,235.8,2026-03-22T01:13:44
5,3094,74,1.9,236.2,2026-03-22T01:13:44
5,3168,75,2.0,240.6,2026-03-22T01:13:44
5,3216,76,2.02,240.7,2026-03-22T01:13:44
5,3257,77,2.04,241.2,2026-03-22T01:13:45
5,3316,78,2.04,241.9,2026-03-22T01:13:45
5,3353,79,2.02,241.8,2026-03-22T01:13:45
5,3394,80,2.0,240.2,2026-03-22T01:13:45
5,3465,81,2.1,244.2,2026-03-22T01:13:46
5,3497,82,2.06,242.8,2026-03-22T01:13:46
5,3533,83,2.04,242.8,2026-03-22T01:13:46
5,3625,84,2.16,247.4,2026-03-22T01:13:46
5,3684,85,2.22,249.6,2026-03-22T01:13:47
5,3723,86,2.26,250.7,2026-03-22T01:13:47
5,3767,87,2.3,252.8,2026-03-22T01:13:47
5,3813,88,2.28,252.7,2026-03-22T01:13:47
5,3847,89,2.26,251.6,2026-03-22T01:13:48
5,3890,90,2.28,252.1,2026-03-22T01:13:48
5,3938,91,2.26,251.6,2026-03-22T01:13:48
5,4004,92,2.3,253.1,2026-03-22T01:13:48
5,4043,93,2.28,251.9,2026-03-22T01:13:49
5,4068,94,2.24,250.5,2026-03-22T01:13:49
5,4121,95,2.3,252.6,2026-03-22T01:13:49
5,4195,96,2.34,254.5,2026-03-22T01:13:49
5,4240,97,2.3,252.8,2026-03-22T01:13:49
5,4293,98,2.34,254.7,2026-03-22T01:13:50
5,4327,99,2.32,254.1,2026-03-22T01:13:50
5,4390,100,2.4,257.7,2026-03-22T01:13:50
5,4447,101,2.46,259.4,2026-03-22T01:13:51
5,4479,102,2.38,256.5,2026-03-22T01:13:51
5,4540,103,2.4,257.4,2026-03-22T01:13:51
5,4589,104,2.42,258.0,2026-03-22T01:13:51
5,4614,105,2.4,257.8,2026-03-22T01:13:51
5,4639,106,2.36,256.7,2026-03-22T01:13:52
5,4696,107,2.38,257.7,2026-03-22T01:13:52
5,4749,108,2.34,256.5,2026-03-22T01:13:52
5,4783,109,2.36,257.5,2026-03-22T01:13:52
5,4851,110,2.4,259.4,2026-03-22T01:13:53
5,4911,111,2.32,257.2,2026-03-22T01:13:53
5,4945,112,2.28,255.8,2026-03-22T01:13:53
5,5005,113,2.3,256.3,2026-03-22T01:13:53
5,5048,114,2.32,257.1,2026-03-22T01:13:54
5,5089,115,2.36,258.7,2026-03-22T01:13:54
5,5119,116,2.32,256.2,2026-03-22T01:13:54
5,5160,117,2.34,257.1,2026-03-22T01:13:54
5,5194,118,2.36,257.8,2026-03-22T01:13:55
5,5228,119,2.36,257.4,2026-03-22T01:13:55
5,5292,120,2.44,260.8,2026-03-22T01:13:55
5,5322,121,2.4,258.5,2026-03-22T01:13:55
5,5367,122,2.42,259.0,2026-03-22T01:13:56
5,5401,123,2.38,257.3,2026-03-22T01:13:56
5,5444,124,2.38,257.4,2026-03-22T01:13:56
5,5465,125,2.28,252.8,2026-03-22T01:13:56
5,5527,126,2.28,253.8,2026-03-22T01:13:57
5,5552,127,2.24,252.6,2026-03-22T01:13:57
5,5588,128,2.2,250.7,2026-03-22T01:13:57
5,5622,129,2.2,250.7,2026-03-22T01:13:58
5,5658,130,2.18,250.2,2026-03-22T01:13:58
5,5683,131,2.08,246.4,2026-03-22T01:13:58
5,5724,132,2.1,246.8,2026-03-22T01:13:58
5,5766,133,2.12,246.8,2026-03-22T01:13:59
5,5807,134,2.02,243.0,2026-03-22T01:13:59
5,5852,135,2.0,241.9,2026-03-22T01:13:59
5,5873,136,1.96,240.7,2026-03-22T01:13:59
5,5916,137,1.96,240.4,2026-03-22T01:14:00
5,5948,138,1.94,239.0,2026-03-22T01:14:00
5,5978,139,1.94,238.8,2026-03-22T01:14:00
5,6003,140,1.9,237.5,2026-03-22T01:14:00
5,6046,141,1.9,237.3,2026-03-22T01:14:01
5,6082,142,1.84,235.3,2026-03-22T01:14:01
5,6114,143,1.82,234.9,2026-03-22T01:14:01
5,6162,144,1.88,236.7,2026-03-22T01:14:01
5,6196,145,1.84,235.3,2026-03-22T01:14:02
5,6282,146,1.86,236.2,2026-03-22T01:14:02
5,6316,147,1.84,235.3,2026-03-22T01:14:02
5,6387,148,1.88,236.3,2026-03-22T01:14:03
5,6423,149,1.88,236.1,2026-03-22T01:14:03
5,6460,150,1.82,234.1,2026-03-22T01:14:03
5,6494,151,1.76,232.5,2026-03-22T01:14:04
5,6545,152,1.8,233.8,2026-03-22T01:14:04
5,6586,153,1.76,232.2,2026-03-22T01:14:04
5,6618,154,1.72,230.7,2026-03-22T01:14:04
5,6677,155,1.8,233.0,2026-03-22T01:14:05
5,6702,156,1.8,233.0,2026-03-22T01:14:05
5,6727,157,1.74,230.1,2026-03-22T01:14:05
5,6759,158,1.7,228.3,2026-03-22T01:14:05
5,6793,159,1.7,228.1,2026-03-22T01:14:06
5,6835,160,1.66,226.0,2026-03-22T01:14:06
5,6860,161,1.58,223.3,2026-03-22T01:14:06
5,6911,162,1.62,224.8,2026-03-22T01:14:06
5,6947,163,1.56,222.5,2026-03-22T01:14:07
5,6981,164,1.54,221.9,2026-03-22T01:14:07
5,7002,165,1.5,220.4,2026-03-22T01:14:07
5,7046,166,1.52,221.7,2026-03-22T01:14:07
5,7105,167,1.54,223.1,2026-03-22T01:14:08
5,7150,168,1.56,224.1,2026-03-22T01:14:08
5,7190,169,1.58,224.9,2026-03-22T01:14:08
5,7222,170,1.52,222.1,2026-03-22T01:14:09
5,7281,171,1.56,224.8,2026-03-22T01:14:09
5,7315,172,1.54,224.3,2026-03-22T01:14:09
5,7370,173,1.58,226.4,2026-03-22T01:14:10
5,7410,174,1.58,225.9,2026-03-22T01:14:10
5,7456,175,1.62,227.8,2026-03-22T01:14:10
5,7527,176,1.64,228.6,2026-03-22T01:14:11
5,7591,177,1.72,231.6,2026-03-22T01:14:11
5,7642,178,1.76,232.6,2026-03-22T01:14:11
5,7688,179,1.78,233.2,2026-03-22T01:14:12
5,7727,180,1.8,233.6,2026-03-22T01:14:12
5,7783,181,1.86,235.9,2026-03-22T01:14:12
5,7828,182,1.86,236.3,2026-03-22T01:14:13
5,7869,183,1.86,236.3,2026-03-22T01:14:13
5,7901,184,1.84,235.8,2026-03-22T01:14:13
5,7983,185,1.92,238.9,2026-03-22T01:14:14
5,8047,186,2.0,242.2,2026-03-22T01:14:14
5,8066,187,1.96,240.4,2026-03-22T01:14:14
5,8117,188,2.0,241.8,2026-03-22T01:14:14
5,8173,189,2.04,243.7,2026-03-22T01:14:15
5,8226,190,2.1,246.1,2026-03-22T01:14:15
5,8291,191,2.14,247.6,2026-03-22T01:14:16
5,8344,192,2.18,248.7,2026-03-22T01:14:16
5,8409,193,2.24,251.1,2026-03-22T01:14:16
5,8445,194,2.2,250.0,2026-03-22T01:14:17
5,8486,195,2.22,250.4,2026-03-22T01:14:17
5,8531,196,2.14,247.4,2026-03-22T01:14:17
5,8556,197,2.12,247.0,2026-03-22T01:14:17
5,8603,198,2.06,245.5,2026-03-22T01:14:18
5,8642,199,2.08,245.9,2026-03-22T01:14:18
5,8674,200,2.08,244.9,2026-03-22T01:14:18
5,8710,201,2.08,244.9,2026-03-22T01:14:18
5,8753,202,2.06,244.1,2026-03-22T01:14:19
5,8778,203,2.02,242.9,2026-03-22T01:14:19
5,8803,204,2.0,242.7,2026-03-22T01:14:19
5,8828,205,1.92,240.4,2026-03-22T01:14:19
5,8903,206,2.02,244.2,2026-03-22T01:14:20
5,8970,207,2.1,248.1,2026-03-22T01:14:20
5,9025,208,2.14,249.6,2026-03-22T01:14:21
5,9096,209,2.22,252.9,2026-03-22T01:14:21
5,9150,210,2.24,253.8,2026-03-22T01:14:21
5,9194,211,2.28,255.6,2026-03-22T01:14:22
5,9271,212,2.34,257.5,2026-03-22T01:14:22
5,9310,213,2.36,257.9,2026-03-22T01:14:22
5,9356,214,2.38,258.8,2026-03-22T01:14:23
5,9379,215,2.38,258.9,2026-03-22T01:14:23
5,9413,216,2.36,258.0,2026-03-22T01:14:23
5,9457,217,2.34,256.5,2026-03-22T01:14:23
5,9478,218,2.3,254.3,2026-03-22T01:14:24
5,9533,219,2.32,255.4,2026-03-22T01:14:24
5,9576,220,2.34,256.3,2026-03-22T01:14:24
5,9604,221,2.3,253.9,2026-03-22T01:14:24
5,9638,222,2.3,253.8,2026-03-22T01:14:25
5,9680,223,2.28,252.6,2026-03-22T01:14:25
5,9714,224,2.26,252.2,2026-03-22T01:14:25
5,9748,225,2.24,251.4,2026-03-22T01:14:26
5,9782,226,2.18,248.7,2026-03-22T01:14:26
5,9807,227,2.1,245.7,2026-03-22T01:14:26
5,9859,228,2.1,245.7,2026-03-22T01:14:26
5,9903,229,2.1,246.1,2026-03-22T01:14:27
5,9926,230,2.06,244.8,2026-03-22T01:14:27
5,9974,231,2.04,244.7,2026-03-22T01:14:27
5,10040,232,2.08,246.6,2026-03-22T01:14:28
5,10095,233,2.1,248.0,2026-03-22T01:14:28
5,10129,234,2.1,248.1,2026-03-22T01:14:28
5,10165,235,2.0,244.6,2026-03-22T01:14:28
5,10216,236,1.98,243.6,2026-03-22T01:14:29
5,10259,237,2.02,245.6,2026-03-22T01:14:29
5,10334,238,2.06,247.8,2026-03-22T01:14:29
5,10368,239,2.02,246.2,2026-03-22T01:14:30
5,10423,240,2.02,246.4,2026-03-22T01:14:30
5,10484,241,2.02,246.0,2026-03-22T01:14:30
5,10537,242,2.02,246.4,2026-03-22T01:14:31
5,10560,243,1.94,243.3,2026-03-22T01:14:31
5,10596,244,1.94,243.4,2026-03-22T01:14:31
5,10638,245,1.94,243.8,2026-03-22T01:14:32
5,10697,246,1.96,244.9,2026-03-22T01:14:32
5,10753,247,2.02,246.8,2026-03-22T01:14:32
5,10798,248,2.02,246.7,2026-03-22T01:14:33
5,10823,249,1.98,245.5,2026-03-22T01:14:33
5,10851,250,1.98,245.5,2026-03-22T01:14:33
5,10892,251,2.0,245.6,2026-03-22T01:14:33
5,10926,252,1.98,244.8,2026-03-22T01:14:33
5,10962,253,2.0,245.6,2026-03-22T01:14:34
5,11013,254,2.06,247.2,2026-03-22T01:14:34
5,11066,255,2.12,249.5,2026-03-22T01:14:34
5,11091,256,2.02,245.3,2026-03-22T01:14:35
5,11143,257,2.0,243.9,2026-03-22T01:14:35
5,11168,258,1.94,241.9,2026-03-22T01:14:35
5,11224,259,1.9,240.4,2026-03-22T01:14:35
5,11273,260,1.88,240.1,2026-03-22T01:14:36
5,11305,261,1.86,238.7,2026-03-22T01:14:36
5,11339,262,1.76,234.9,2026-03-22T01:14:36
5,11362,263,1.72,233.8,2026-03-22T01:14:36
5,11415,264,1.74,234.8,2026-03-22T01:14:37
5,11458,265,1.78,236.4,2026-03-22T01:14:37
5,11504,266,1.8,237.7,2026-03-22T01:14:37
5,11552,267,1.82,238.0,2026-03-22T01:14:38
5,11607,268,1.88,241.2,2026-03-22T01:14:38
5,11630,269,1.82,238.7,2026-03-22T01:14:38
5,11671,270,1.82,238.5,2026-03-22T01:14:39
5,11707,271,1.82,239.0,2026-03-22T01:14:39
5,11728,272,1.8,237.7,2026-03-22T01:14:39
5,11802,273,1.9,240.1,2026-03-22T01:14:39
5,11847,274,1.92,240.8,2026-03-22T01:14:40
5,11870,275,1.9,240.2,2026-03-22T01:14:40
5,11893,276,1.88,238.9,2026-03-22T01:14:40
5,11941,277,1.92,240.8,2026-03-22T01:14:40
5,11986,278,1.9,240.1,2026-03-22T01:14:41
5,12034,279,1.9,239.9,2026-03-22T01:14:41
5,12075,280,1.94,241.5,2026-03-22T01:14:41
5,12110,281,1.92,240.3,2026-03-22T01:14:42
5,12142,282,1.86,237.8,2026-03-22T01:14:42
5,12191,283,1.86,237.2,2026-03-22T01:14:42
5,12248,284,1.9,238.9,2026-03-22T01:14:42
5,12301,285,1.94,240.1,2026-03-22T01:14:43
5,12326,286,1.88,238.1,2026-03-22T01:14:43
5,12356,287,1.86,237.3,2026-03-22T01:14:43
5,12395,288,1.8,234.2,2026-03-22T01:14:44
5,12427,289,1.8,234.3,2026-03-22T01:14:44
5,12483,290,1.8,234.0,2026-03-22T01:14:44
5,12518,291,1.74,232.0,2026-03-22T01:14:44
5,12577,292,1.76,231.9,2026-03-22T01:14:45
5,12611,293,1.78,232.3,2026-03-22T01:14:45
5,12666,294,1.82,234.1,2026-03-22T01:14:45
5,12705,295,1.82,233.8,2026-03-22T01:14:46
5,12741,296,1.78,232.2,2026-03-22T01:14:46
5,12773,297,1.74,230.5,2026-03-22T01:14:46
5,12798,298,1.7,228.5,2026-03-22T01:14:46
5,12830,299,1.72,229.1,2026-03-22T01:14:46
5,12866,300,1.72,229.7,2026-03-22T01:14:47
5,12902,301,1.7,229.7,2026-03-22T01:14:47
5,12952,302,1.74,231.2,2026-03-22T01:14:47
5,12997,303,1.76,231.9,2026-03-22T01:14:48
5,13031,304,1.72,230.7,2026-03-22T01:14:48
5,13063,305,1.68,228.8,2026-03-22T01:14:48
5,13104,306,1.72,230.2,2026-03-22T01:14:48
5,13136,307,1.68,228.7,2026-03-22T01:14:48
5,13159,308,1.68,228.5,2026-03-22T01:14:49
5,13189,309,1.64,226.4,2026-03-22T01:14:49
5,13236,310,1.66,226.2,2026-03-22T01:14:49
5,13275,311,1.68,226.8,2026-03-22T01:14:49
5,13311,312,1.68,227.6,2026-03-22T01:14:50
5,13387,313,1.78,231.8,2026-03-22T01:14:50
5,13433,314,1.76,230.6,2026-03-22T01:14:51
5,13467,315,1.74,230.0,2026-03-22T01:14:51
5,13511,316,1.74,229.3,2026-03-22T01:14:51
5,13559,317,1.74,229.8,2026-03-22T01:14:51
5,13603,318,1.72,228.8,2026-03-22T01:14:52
5,13628,319,1.72,229.1,2026-03-22T01:14:52
5,13676,320,1.72,229.8,2026-03-22T01:14:52
5,13724,321,1.74,230.9,2026-03-22T01:14:53
5,13758,322,1.76,232.2,2026-03-22T01:14:53
5,13799,323,1.66,229.7,2026-03-22T01:14:53
5,13842,324,1.66,229.8,2026-03-22T01:14:53
5,13886,325,1.7,231.6,2026-03-22T01:14:54
5,13914,326,1.72,232.2,2026-03-22T01:14:54
5,13967,327,1.74,232.7,2026-03-22T01:14:54
5,14023,328,1.76,234.1,2026-03-22T01:14:55
5,14055,329,1.74,232.8,2026-03-22T01:14:55
5,14092,330,1.74,232.5,2026-03-22T01:14:55
5,14124,331,1.74,232.2,2026-03-22T01:14:55
5,14158,332,1.74,232.2,2026-03-22T01:14:56
5,14188,333,1.7,230.4,2026-03-22T01:14:56
5,14209,334,1.64,227.3,2026-03-22T01:14:56
5,14269,335,1.64,227.9,2026-03-22T01:14:56
5,14345,336,1.74,231.7,2026-03-22T01:14:57
5,14386,337,1.76,232.3,2026-03-22T01:14:57
5,14434,338,1.76,232.9,2026-03-22T01:14:57
5,14470,339,1.76,233.0,2026-03-22T01:14:58
5,14513,340,1.74,232.0,2026-03-22T01:14:58
5,14560,341,1.76,232.8,2026-03-22T01:14:58
5,14585,342,1.68,230.3,2026-03-22T01:14:58
5,14630,343,1.7,231.6,2026-03-22T01:14:59
5,14655,344,1.64,228.9,2026-03-22T01:14:59
5,14689,345,1.62,228.0,2026-03-22T01:14:59
5,14714,346,1.6,226.8,2026-03-22T01:14:59
5,14737,347,1.58,226.3,2026-03-22T01:15:00
5,14758,348,1.58,225.9,2026-03-22T01:15:00
5,14797,349,1.6,226.3,2026-03-22T01:15:00
5,14837,350,1.62,226.4,2026-03-22T01:15:00
5,14883,351,1.64,226.9,2026-03-22T01:15:01
5,14932,352,1.64,227.1,2026-03-22T01:15:01
5,14971,353,1.64,226.7,2026-03-22T01:15:01
5,15019,354,1.66,227.5,2026-03-22T01:15:01
5,15053,355,1.66,227.9,2026-03-22T01:15:02
5,15109,356,1.68,229.2,2026-03-22T01:15:02
5,15134,357,1.66,228.5,2026-03-22T01:15:02
5,15168,358,1.68,229.0,2026-03-22T01:15:03
5,15193,359,1.66,228.8,2026-03-22T01:15:03
5,15275,360,1.7,231.5,2026-03-22T01:15:03
5,15316,361,1.7,231.6,2026-03-22T01:15:03
5,15385,362,1.78,233.8,2026-03-22T01:15:04
5,15428,363,1.72,231.0,2026-03-22T01:15:04
5,15449,364,1.68,229.2,2026-03-22T01:15:04
5,15483,365,1.68,228.9,2026-03-22T01:15:05
5,15561,366,1.74,231.7,2026-03-22T01:15:05
5,15586,367,1.68,229.5,2026-03-22T01:15:05
5,15636,368,1.7,229.9,2026-03-22T01:15:06
5,15677,369,1.74,230.8,2026-03-22T01:15:06
5,15722,370,1.74,230.7,2026-03-22T01:15:06
5,15772,371,1.76,230.3,2026-03-22T01:15:06
5,15806,372,1.76,230.4,2026-03-22T01:15:07
5,15840,373,1.74,229.8,2026-03-22T01:15:07
5,15884,374,1.74,229.7,2026-03-22T01:15:07
5,15909,375,1.7,227.9,2026-03-22T01:15:07
5,15943,376,1.7,228.5,2026-03-22T01:15:08
5,15998,377,1.7,228.8,2026-03-22T01:15:08
5,16039,378,1.68,227.3,2026-03-22T01:15:08
5,16096,379,1.74,229.6,2026-03-22T01:15:09
5,16128,380,1.72,229.3,2026-03-22T01:15:09
5,16169,381,1.74,229.7,2026-03-22T01:15:09
5,16215,382,1.76,230.4,2026-03-22T01:15:10
5,16276,383,1.82,233.0,2026-03-22T01:15:10
5,16310,384,1.84,234.3,2026-03-22T01:15:10
5,16374,385,1.86,234.5,2026-03-22T01:15:11
5,16417,386,1.8,231.8,2026-03-22T01:15:11
5,16473,387,1.82,233.0,2026-03-22T01:15:11
5,16505,388,1.8,231.7,2026-03-22T01:15:11
5,16537,389,1.8,231.4,2026-03-22T01:15:12
5,16605,390,1.84,233.6,2026-03-22T01:15:12
5,16659,391,1.86,234.6,2026-03-22T01:15:13
5,16707,392,1.92,236.5,2026-03-22T01:15:13
5,16732,393,1.88,234.7,2026-03-22T01:15:13
5,16764,394,1.9,235.5,2026-03-22T01:15:13
5,16789,395,1.88,235.0,2026-03-22T01:15:13
5,16844,396,1.94,237.3,2026-03-22T01:15:14
5,16900,397,2.0,240.1,2026-03-22T01:15:14
5,16948,398,2.04,242.2,2026-03-22T01:15:14
5,16993,399,2.04,243.2,2026-03-22T01:15:15
5,17037,400,2.04,243.7,2026-03-22T01:15:15
5,17073,401,2.02,243.1,2026-03-22T01:15:15
5,17116,402,2.0,242.5,2026-03-22T01:15:16
5,17162,403,2.0,243.0,2026-03-22T01:15:16
5,17238,404,2.06,245.5,2026-03-22T01:15:16
5,17284,405,2.08,246.3,2026-03-22T01:15:17
5,17325,406,2.06,245.3,2026-03-22T01:15:17
5,17353,407,2.08,245.5,2026-03-22T01:15:17
5,17394,408,2.1,246.5,2026-03-22T01:15:18
5,17430,409,2.12,247.4,2026-03-22T01:15:18
5,17455,410,2.02,242.8,2026-03-22T01:15:18
5,17528,411,2.08,245.3,2026-03-22T01:15:18
5,17584,412,2.04,244.6,2026-03-22T01:15:19
5,17639,413,2.06,245.7,2026-03-22T01:15:19
5,17680,414,2.1,247.4,2026-03-22T01:15:19
5,17714,415,2.1,247.3,2026-03-22T01:15:20
5,17746,416,2.02,243.8,2026-03-22T01:15:20
5,17798,417,2.08,246.0,2026-03-22T01:15:20
5,17831,418,2.06,244.6,2026-03-22T01:15:20
5,17893,419,2.1,246.4,2026-03-22T01:15:21
5,17964,420,2.16,248.1,2026-03-22T01:15:21
5,17987,421,2.1,246.5,2026-03-22T01:15:21
5,18044,422,2.14,248.0,2026-03-22T01:15:22
5,18069,423,2.12,247.6,2026-03-22T01:15:22
5,18134,424,2.16,249.2,2026-03-22T01:15:22
5,18198,425,2.24,252.3,2026-03-22T01:15:23
5,18281,426,2.32,255.7,2026-03-22T01:15:23
5,18324,427,2.3,254.4,2026-03-22T01:15:23
5,18382,428,2.34,255.9,2026-03-22T01:15:24
5,18416,429,2.28,254.2,2026-03-22T01:15:24
5,18464,430,2.3,255.2,2026-03-22T01:15:24
5,18512,431,2.32,255.7,2026-03-22T01:15:25
5,18544,432,2.3,254.8,2026-03-22T01:15:25
5,18596,433,2.28,254.0,2026-03-22T01:15:25
5,18639,434,2.3,254.4,2026-03-22T01:15:26
5,18683,435,2.26,252.8,2026-03-22T01:15:26
5,18730,436,2.26,253.3,2026-03-22T01:15:26
5,18767,437,2.22,251.7,2026-03-22T01:15:26
5,18820,438,2.26,253.3,2026-03-22T01:15:27
5,18868,439,2.28,254.6,2026-03-22T01:15:27
5,18912,440,2.24,252.6,2026-03-22T01:15:27
5,18976,441,2.26,253.3,2026-03-22T01:15:28
5,19010,442,2.22,252.2,2026-03-22T01:15:28
5,19038,443,2.24,252.6,2026-03-22T01:15:28
5,19090,444,2.28,254.1,2026-03-22T01:15:29
5,19131,445,2.32,255.4,2026-03-22T01:15:29
5,19156,446,2.26,253.3,2026-03-22T01:15:29
5,19177,447,2.2,250.2,2026-03-22T01:15:29
5,19248,448,2.26,252.1,2026-03-22T01:15:30
5,19280,449,2.24,250.9,2026-03-22T01:15:30
5,19334,450,2.26,251.7,2026-03-22T01:15:30
5,19377,451,2.28,252.1,2026-03-22T01:15:31
5,19416,452,2.28,251.5,2026-03-22T01:15:31
5,19439,453,2.24,249.7,2026-03-22T01:15:31
5,19508,454,2.22,249.3,2026-03-22T01:15:31
5,19591,455,2.3,252.4,2026-03-22T01:15:32
5,19632,456,2.3,252.5,2026-03-22T01:15:32
5,19675,457,2.32,253.3,2026-03-22T01:15:33
5,19705,458,2.3,252.6,2026-03-22T01:15:33
5,19780,459,2.4,256.0,2026-03-22T01:15:33
5,19814,460,2.42,257.0,2026-03-22T01:15:34
5,19846,461,2.34,253.7,2026-03-22T01:15:34
5,19882,462,2.3,251.9,2026-03-22T01:15:34
5,19916,463,2.26,250.2,2026-03-22T01:15:34
5,19955,464,2.26,250.0,2026-03-22T01:15:35
5,19980,465,2.24,249.7,2026-03-22T01:15:35
5,20022,466,2.26,250.3,2026-03-22T01:15:35
5,20078,467,2.26,250.5,2026-03-22T01:15:35
5,20139,468,2.28,252.9,2026-03-22T01:15:36
5,20195,469,2.28,252.4,2026-03-22T01:15:36
5,20261,470,2.28,252.2,2026-03-22T01:15:37
5,20349,471,2.4,257.1,2026-03-22T01:15:37
5,20409,472,2.4,257.4,2026-03-22T01:15:37
5,20441,473,2.42,257.6,2026-03-22T01:15:38
5,20485,474,2.38,255.8,2026-03-22T01:15:38
5,20526,475,2.34,254.0,2026-03-22T01:15:38
5,20586,476,2.3,252.1,2026-03-22T01:15:39
5,20629,477,2.3,251.8,2026-03-22T01:15:39
5,20662,478,2.24,249.6,2026-03-22T01:15:39
5,20693,479,2.24,248.9,2026-03-22T01:15:39
5,20723,480,2.22,247.7,2026-03-22T01:15:40
5,20773,481,2.22,247.8,2026-03-22T01:15:40
5,20816,482,2.24,248.5,2026-03-22T01:15:40
5,20852,483,2.2,247.7,2026-03-22T01:15:40
5,20875,484,2.16,246.4,2026-03-22T01:15:41
5,20929,485,2.18,247.0,2026-03-22T01:15:41
5,20973,486,2.18,247.0,2026-03-22T01:15:41
5,21014,487,2.2,247.5,2026-03-22T01:15:41
5,21061,488,2.18,247.2,2026-03-22T01:15:42
5,21086,489,2.14,245.3,2026-03-22T01:15:42
5,21129,490,2.14,245.4,2026-03-22T01:15:42
5,21150,491,2.06,242.0,2026-03-22T01:15:42
5,21214,492,2.12,244.4,2026-03-22T01:15:43
5,21268,493,2.16,246.2,2026-03-22T01:15:43
5,21302,494,2.12,245.1,2026-03-22T01:15:43
5,21393,495,2.2,248.9,2026-03-22T01:15:44
5,21434,496,2.24,250.1,2026-03-22T01:15:44
5,21478,497,2.28,252.0,2026-03-22T01:15:45
5,21529,498,2.24,250.5,2026-03-22T01:15:45
5,21573,499,2.26,251.1,2026-03-22T01:15:45
5,21658,500,2.32,253.9,2026-03-22T01:15:46
5,21699,501,2.32,254.2,2026-03-22T01:15:46
5,21724,502,2.28,253.2,2026-03-22T01:15:46
5,21786,503,2.36,256.3,2026-03-22T01:15:46
5,21820,504,2.3,253.5,2026-03-22T01:15:47
5,21843,505,2.18,248.7,2026-03-22T01:15:47
5,21889,506,2.18,249.1,2026-03-22T01:15:47
5,21932,507,2.18,249.2,2026-03-22T01:15:48
5,22003,508,2.26,252.5,2026-03-22T01:15:48
5,22055,509,2.2,250.7,2026-03-22T01:15:48
5,22096,510,2.22,250.9,2026-03-22T01:15:49
5,22144,511,2.26,252.5,2026-03-22T01:15:49
5,22190,512,2.28,253.6,2026-03-22T01:15:49
5,22226,513,2.28,253.7,2026-03-22T01:15:49
5,22288,514,2.32,255.7,2026-03-22T01:15:50
5,22320,515,2.34,256.2,2026-03-22T01:15:50
5,22350,516,2.32,255.3,2026-03-22T01:15:50
5,22431,517,2.4,257.6,2026-03-22T01:15:51
5,22477,518,2.38,256.3,2026-03-22T01:15:51
5,22511,519,2.32,254.5,2026-03-22T01:15:51
5,22581,520,2.32,254.7,2026-03-22T01:15:52
5,22615,521,2.22,250.2,2026-03-22T01:15:52
5,22643,522,2.18,247.5,2026-03-22T01:15:52
5,22704,523,2.24,249.7,2026-03-22T01:15:53
5,22748,524,2.24,250.1,2026-03-22T01:15:53
5,22791,525,2.24,250.2,2026-03-22T01:15:53
5,22835,526,2.22,249.3,2026-03-22T01:15:54
5,22869,527,2.2,249.0,2026-03-22T01:15:54
5,22894,528,2.18,248.6,2026-03-22T01:15:54
5,22958,529,2.24,251.4,2026-03-22T01:15:54
5,22983,530,2.22,250.7,2026-03-22T01:15:55
5,23073,531,2.34,254.4,2026-03-22T01:15:55
5,23109,532,2.32,253.8,2026-03-22T01:15:55
5,23157,533,2.36,254.8,2026-03-22T01:15:56
5,23210,534,2.42,256.9,2026-03-22T01:15:56
5,23240,535,2.38,255.4,2026-03-22T01:15:56
5,23276,536,2.36,254.5,2026-03-22T01:15:56
5,23315,537,2.36,254.5,2026-03-22T01:15:57
5,23338,538,2.32,252.8,2026-03-22T01:15:57
5,23363,539,2.32,253.0,2026-03-22T01:15:57
5,23414,540,2.34,253.6,2026-03-22T01:15:57
5,23455,541,2.38,255.0,2026-03-22T01:15:58
5,23480,542,2.3,251.7,2026-03-22T01:15:58
5,23517,543,2.26,250.6,2026-03-22T01:15:58
5,23552,544,2.26,250.6,2026-03-22T01:15:58
5,23593,545,2.18,247.0,2026-03-22T01:15:59
5,23647,546,2.2,247.8,2026-03-22T01:15:59
5,23692,547,2.2,247.8,2026-03-22T01:15:59
5,23724,548,2.16,246.3,2026-03-22T01:16:00
5,23745,549,2.12,244.9,2026-03-22T01:16:00
5,23779,550,2.02,240.6,2026-03-22T01:16:00
5,23818,551,2.02,240.0,2026-03-22T01:16:00
5,23861,552,2.06,241.6,2026-03-22T01:16:01
5,23939,553,2.1,242.9,2026-03-22T01:16:01
5,23983,554,2.12,243.6,2026-03-22T01:16:01
5,24054,555,2.22,247.1,2026-03-22T01:16:02
5,24112,556,2.26,247.6,2026-03-22T01:16:02
5,24135,557,2.22,246.3,2026-03-22T01:16:02
5,24158,558,2.12,241.9,2026-03-22T01:16:02
5,24211,559,2.12,241.4,2026-03-22T01:16:03
5,24294,560,2.2,245.2,2026-03-22T01:16:03
5,24347,561,2.2,245.4,2026-03-22T01:16:04
5,24390,562,2.2,244.9,2026-03-22T01:16:04
5,24426,563,2.2,244.9,2026-03-22T01:16:04
5,24451,564,2.12,241.7,2026-03-22T01:16:04
5,24492,565,2.14,242.1,2026-03-22T01:16:05
5,24526,566,2.14,242.6,2026-03-22T01:16:05
5,24556,567,2.02,238.7,2026-03-22T01:16:05
5,24601,568,2.04,238.5,2026-03-22T01:16:05
5,24651,569,2.08,239.9,2026-03-22T01:16:06
5,24706,570,2.04,238.8,2026-03-22T01:16:06
5,24752,571,2.06,239.8,2026-03-22T01:16:06
5,24798,572,2.08,241.3,2026-03-22T01:16:07
5,24846,573,2.06,240.8,2026-03-22T01:16:07
5,24871,574,2.02,238.8,2026-03-22T01:16:07
5,24914,575,2.02,238.6,2026-03-22T01:16:07
5,24951,576,2.02,238.2,2026-03-22T01:16:08
5,25006,577,2.06,239.8,2026-03-22T01:16:11
5,25038,578,2.08,240.5,2026-03-22T01:16:11
5,25090,579,2.06,239.8,2026-03-22T01:16:11
5,25126,580,2.08,240.9,2026-03-22T01:16:11
5,25151,581,1.9,235.4,2026-03-22T01:16:12
5,25192,582,1.92,235.7,2026-03-22T01:16:12
5,25237,583,1.9,235.3,2026-03-22T01:16:12
5,25280,584,1.88,234.7,2026-03-22T01:16:12
5,25318,585,1.9,235.0,2026-03-22T01:16:13
5,25375,586,1.94,236.7,2026-03-22T01:16:13
5,25429,587,1.96,237.4,2026-03-22T01:16:13
5,25475,588,2.0,238.9,2026-03-22T01:16:14
5,25514,589,2.04,239.8,2026-03-22T01:16:14
5,25539,590,1.98,237.9,2026-03-22T01:16:14
5,25589,591,2.0,238.8,2026-03-22T01:16:15
5,25667,592,2.1,243.1,2026-03-22T01:16:15
5,25721,593,2.14,244.5,2026-03-22T01:16:15
5,25755,594,2.14,244.0,2026-03-22T01:16:16
5,25823,595,2.18,245.7,2026-03-22T01:16:16
5,25851,596,2.14,244.0,2026-03-22T01:16:16
5,25906,597,2.18,244.5,2026-03-22T01:16:17
5,25961,598,2.22,246.2,2026-03-22T01:16:17
5,26023,599,2.3,249.1,2026-03-22T01:16:17
5,26077,600,2.34,250.7,2026-03-22T01:16:18
5,26110,601,2.32,250.3,2026-03-22T01:16:18
5,26170,602,2.36,251.8,2026-03-22T01:16:18
5,26211,603,2.28,248.9,2026-03-22T01:16:19
5,26243,604,2.26,247.9,2026-03-22T01:16:19
5,26291,605,2.2,246.3,2026-03-22T01:16:19
5,26325,606,2.14,244.7,2026-03-22T01:16:19
5,26359,607,2.16,245.1,2026-03-22T01:16:20
5,26422,608,2.24,248.3,2026-03-22T01:16:20
5,26454,609,2.2,247.1,2026-03-22T01:16:20
5,26497,610,2.12,243.5,2026-03-22T01:16:21
5,26553,611,2.14,244.1,2026-03-22T01:16:21
5,26578,612,2.1,243.1,2026-03-22T01:16:21
5,26626,613,2.12,244.1,2026-03-22T01:16:21
5,26669,614,2.16,245.5,2026-03-22T01:16:22
5,26710,615,2.16,245.5,2026-03-22T01:16:22
5,26749,616,2.18,245.9,2026-03-22T01:16:22
5,26790,617,2.2,246.7,2026-03-22T01:16:22
5,26826,618,2.16,245.9,2026-03-22T01:16:23
5,26887,619,2.18,246.8,2026-03-22T01:16:23
5,26921,620,2.14,245.3,2026-03-22T01:16:23
5,26955,621,2.12,244.2,2026-03-22T01:16:24
5,27006,622,2.14,244.8,2026-03-22T01:16:24
5,27029,623,2.08,242.5,2026-03-22T01:16:24
5,27077,624,2.12,244.4,2026-03-22T01:16:24
5,27118,625,2.12,244.5,2026-03-22T01:16:25
5,27166,626,2.12,245.1,2026-03-22T01:16:25
5,27194,627,2.08,243.0,2026-03-22T01:16:25
5,27247,628,2.12,244.7,2026-03-22T01:16:26
5,27272,629,2.06,242.4,2026-03-22T01:16:26
5,27308,630,2.06,242.0,2026-03-22T01:16:26
5,27361,631,2.12,244.5,2026-03-22T01:16:26
5,27416,632,2.2,245.7,2026-03-22T01:16:27
5,27450,633,2.18,244.5,2026-03-22T01:16:27
5,27506,634,2.2,245.8,2026-03-22T01:16:27
5,27594,635,2.28,250.2,2026-03-22T01:16:28
5,27647,636,2.28,250.4,2026-03-22T01:16:28
5,27694,637,2.26,250.4,2026-03-22T01:16:28
5,27772,638,2.32,253.4,2026-03-22T01:16:29
5,27816,639,2.32,253.6,2026-03-22T01:16:29
5,27867,640,2.38,255.5,2026-03-22T01:16:30
5,27892,641,2.32,253.6,2026-03-22T01:16:30
5,27931,642,2.26,250.7,2026-03-22T01:16:30
5,27967,643,2.22,249.3,2026-03-22T01:16:30
5,28028,644,2.28,251.5,2026-03-22T01:16:31
5,28084,645,2.26,250.6,2026-03-22T01:16:31
5,28168,646,2.36,254.9,2026-03-22T01:16:32
5,28234,647,2.36,256.3,2026-03-22T01:16:32
5,28289,648,2.36,256.5,2026-03-22T01:16:32
5,28360,649,2.38,257.6,2026-03-22T01:16:33
5,28410,650,2.38,257.6,2026-03-22T01:16:33
5,28487,651,2.46,261.4,2026-03-22T01:16:34
5,28510,652,2.38,258.4,2026-03-22T01:16:34
5,28533,653,2.34,256.7,2026-03-22T01:16:34
5,28618,654,2.44,260.4,2026-03-22T01:16:34
5,28662,655,2.46,260.0,2026-03-22T01:16:35
5,28706,656,2.48,260.6,2026-03-22T01:16:35
5,28759,657,2.52,262.5,2026-03-22T01:16:35
5,28807,658,2.5,261.7,2026-03-22T01:16:36
5,28876,659,2.58,264.7,2026-03-22T01:16:36
5,28897,660,2.54,263.1,2026-03-22T01:16:36
5,28946,661,2.5,262.6,2026-03-22T01:16:37
5,29042,662,2.64,268.0,2026-03-22T01:16:37
5,29078,663,2.62,266.8,2026-03-22T01:16:37
5,29122,664,2.62,267.1,2026-03-22T01:16:38
5,29163,665,2.62,267.5,2026-03-22T01:16:38
5,29188,666,2.58,266.4,2026-03-22T01:16:38
5,29220,667,2.56,265.6,2026-03-22T01:16:38
5,29271,668,2.6,267.0,2026-03-22T01:16:39
5,29299,669,2.54,264.6,2026-03-22T01:16:39
5,29342,670,2.56,264.9,2026-03-22T01:16:39
5,29365,671,2.54,264.1,2026-03-22T01:16:40
5,29410,672,2.52,263.8,2026-03-22T01:16:40
5,29442,673,2.54,264.5,2026-03-22T01:16:40
5,29502,674,2.58,265.4,2026-03-22T01:16:40
5,29592,675,2.68,269.2,2026-03-22T01:16:41
5,29663,676,2.74,271.0,2026-03-22T01:16:41
5,29714,677,2.78,272.7,2026-03-22T01:16:42
5,29751,678,2.74,271.5,2026-03-22T01:16:42
5,29820,679,2.84,274.8,2026-03-22T01:16:42
5,29907,680,2.96,279.3,2026-03-22T01:16:43
5,29980,681,3.0,280.5,2026-03-22T01:16:43
5,30014,682,2.9,278.9,2026-03-22T01:16:44
5,30062,683,2.92,280.2,2026-03-22T01:16:44
5,30099,684,2.88,278.4,2026-03-22T01:16:44
5,30173,685,2.86,277.2,2026-03-22T01:16:45
5,30233,686,2.88,277.5,2026-03-22T01:16:45
5,30300,687,2.92,278.9,2026-03-22T01:16:45
5,30375,688,2.92,278.2,2026-03-22T01:16:46
5,30434,689,2.94,279.4,2026-03-22T01:16:46
5,30477,690,2.92,278.6,2026-03-22T01:16:46
5,30532,691,2.98,280.5,2026-03-22T01:16:47
5,30587,692,3.0,281.7,2026-03-22T01:16:47
5,30623,693,3.0,281.5,2026-03-22T01:16:47
5,30646,694,2.92,278.6,2026-03-22T01:16:48
5,30680,695,2.88,277.1,2026-03-22T01:16:48
5,30719,696,2.8,273.5,2026-03-22T01:16:48
5,30742,697,2.72,269.5,2026-03-22T01:16:48
5,30785,698,2.7,268.6,2026-03-22T01:16:49
5,30810,699,2.6,264.5,2026-03-22T01:16:49
5,30840,700,2.56,262.7,2026-03-22T01:16:49
5,30916,701,2.56,262.2,2026-03-22T01:16:49
5,30948,702,2.58,262.7,2026-03-22T01:16:50
5,31015,703,2.66,266.7,2026-03-22T01:16:50
5,31063,704,2.6,264.2,2026-03-22T01:16:50
5,31115,705,2.6,264.8,2026-03-22T01:16:51
5,31132,706,2.56,262.5,2026-03-22T01:16:51
5,31187,707,2.56,262.6,2026-03-22T01:16:51
5,31219,708,2.52,261.2,2026-03-22T01:16:51
5,31258,709,2.46,258.8,2026-03-22T01:16:52
5,31297,710,2.5,260.1,2026-03-22T01:16:52
5,31329,711,2.48,258.6,2026-03-22T01:16:52
5,31363,712,2.36,253.9,2026-03-22T01:16:52
5,31404,713,2.38,254.6,2026-03-22T01:16:53
5,31464,714,2.4,255.7,2026-03-22T01:16:53
5,31520,715,2.42,256.5,2026-03-22T01:16:54
5,31554,716,2.44,257.4,2026-03-22T01:16:54
5,31621,717,2.5,260.0,2026-03-22T01:16:54
5,31666,718,2.48,259.5,2026-03-22T01:16:54
5,31702,719,2.48,260.3,2026-03-22T01:16:55
5,31748,720,2.48,260.7,2026-03-22T01:16:55
5,31789,721,2.52,262.3,2026-03-22T01:16:55
5,31812,722,2.48,260.3,2026-03-22T01:16:55
5,31837,723,2.46,259.6,2026-03-22T01:16:56
5,31902,724,2.46,260.2,2026-03-22T01:16:56
5,31943,725,2.36,256.3,2026-03-22T01:16:56
5,32007,726,2.34,256.0,2026-03-22T01:16:57
5,32041,727,2.3,254.6,2026-03-22T01:16:57
5,32093,728,2.34,255.6,2026-03-22T01:16:57
5,32171,729,2.34,256.8,2026-03-22T01:16:58
5,32228,730,2.26,254.1,2026-03-22T01:16:58
5,32284,731,2.22,252.6,2026-03-22T01:16:59
5,32330,732,2.24,253.7,2026-03-22T01:16:59
5,32360,733,2.22,251.9,2026-03-22T01:16:59
5,32401,734,2.24,252.3,2026-03-22T01:16:59
5,32445,735,2.18,249.5,2026-03-22T01:17:00
5,32491,736,2.14,248.2,2026-03-22T01:17:00
5,32532,737,2.1,246.2,2026-03-22T01:17:00
5,32578,738,2.04,244.0,2026-03-22T01:17:01
5,32614,739,2.0,242.5,2026-03-22T01:17:01
5,32650,740,1.98,241.9,2026-03-22T01:17:01
5,32721,741,2.02,243.3,2026-03-22T01:17:02
5,32746,742,1.96,240.8,2026-03-22T01:17:02
5,32769,743,1.94,239.9,2026-03-22T01:17:02
5,32799,744,1.96,240.8,2026-03-22T01:17:02
5,32859,745,2.02,243.1,2026-03-22T01:17:03
5,32918,746,2.06,244.6,2026-03-22T01:17:03
5,32989,747,2.16,248.9,2026-03-22T01:17:03
5,33025,748,2.14,248.3,2026-03-22T01:17:04
5,33079,749,2.2,250.8,2026-03-22T01:17:04
5,33157,750,2.28,254.7,2026-03-22T01:17:04
5,33182,751,2.18,250.8,2026-03-22T01:17:05
5,33241,752,2.24,253.1,2026-03-22T01:17:05
5,33266,753,2.16,249.3,2026-03-22T01:17:05
5,33289,754,2.1,247.4,2026-03-22T01:17:05
5,33330,755,2.08,246.6,2026-03-22T01:17:06
5,33370,756,2.12,248.5,2026-03-22T01:17:06
5,33423,757,2.12,248.2,2026-03-22T01:17:06
5,33467,758,2.14,249.4,2026-03-22T01:17:07
5,33508,759,2.14,249.3,2026-03-22T01:17:07
5,33561,760,2.16,250.7,2026-03-22T01:17:07
5,33613,761,2.2,252.3,2026-03-22T01:17:08
5,33654,762,2.22,252.3,2026-03-22T01:17:08
5,33693,763,2.22,252.2,2026-03-22T01:17:08
5,33795,764,2.3,255.3,2026-03-22T01:17:09
5,33828,765,2.26,253.9,2026-03-22T01:17:09
5,33881,766,2.3,255.3,2026-03-22T01:17:09
5,33931,767,2.28,253.9,2026-03-22T01:17:10
5,33989,768,2.3,254.7,2026-03-22T01:17:10
5,34028,769,2.32,254.9,2026-03-22T01:17:10
5,34083,770,2.34,255.5,2026-03-22T01:17:11
5,34106,771,2.3,253.8,2026-03-22T01:17:11
5,34179,772,2.4,257.8,2026-03-22T01:17:11
5,34227,773,2.46,259.9,2026-03-22T01:17:12
5,34282,774,2.44,258.8,2026-03-22T01:17:12
5,34338,775,2.46,260.4,2026-03-22T01:17:12
5,34388,776,2.44,259.4,2026-03-22T01:17:13
5,34454,777,2.5,262.2,2026-03-22T01:17:13
5,34531,778,2.54,264.0,2026-03-22T01:17:14
5,34599,779,2.54,263.3,2026-03-22T01:17:14
5,34624,780,2.48,261.1,2026-03-22T01:17:14
5,34663,781,2.46,259.9,2026-03-22T01:17:14
5,34706,782,2.46,259.8,2026-03-22T01:17:15
5,34736,783,2.46,260.0,2026-03-22T01:17:15
5,34780,784,2.46,260.5,2026-03-22T01:17:15
5,34829,785,2.46,261.2,2026-03-22T01:17:15
5,34879,786,2.48,261.8,2026-03-22T01:17:16
5,34934,787,2.5,262.8,2026-03-22T01:17:16
5,35003,788,2.54,264.5,2026-03-22T01:17:17
5,35051,789,2.56,265.2,2026-03-22T01:17:17
5,35092,790,2.58,266.0,2026-03-22T01:17:17
5,35128,791,2.5,263.7,2026-03-22T01:17:17
5,35167,792,2.54,264.7,2026-03-22T01:17:18
5,35257,793,2.72,269.6,2026-03-22T01:17:18
5,35319,794,2.78,272.1,2026-03-22T01:17:19
5,35362,795,2.74,270.7,2026-03-22T01:17:19
5,35405,796,2.7,269.7,2026-03-22T01:17:19
5,35458,797,2.66,268.0,2026-03-22T01:17:20
5,35506,798,2.68,268.7,2026-03-22T01:17:20
5,35552,799,2.68,268.3,2026-03-22T01:17:20
5,35604,800,2.64,266.3,2026-03-22T01:17:20
5,35653,801,2.68,268.3,2026-03-22T01:17:21
5,35708,802,2.66,268.1,2026-03-22T01:17:21
5,35729,803,2.66,268.2,2026-03-22T01:17:21
5,35779,804,2.72,270.2,2026-03-22T01:17:22
5,35831,805,2.74,271.1,2026-03-22T01:17:22
5,35863,806,2.72,270.6,2026-03-22T01:17:22
5,35926,807,2.74,271.8,2026-03-22T01:17:23
5,35989,808,2.78,273.2,2026-03-22T01:17:23
5,36076,809,2.86,276.7,2026-03-22T01:17:24
5,36110,810,2.82,274.8,2026-03-22T01:17:24
5,36151,811,2.8,273.7,2026-03-22T01:17:24
5,36179,812,2.78,273.0,2026-03-22T01:17:24
5,36236,813,2.8,274.1,2026-03-22T01:17:25
5,36304,814,2.76,271.4,2026-03-22T01:17:25
5,36336,815,2.76,271.0,2026-03-22T01:17:25
5,36382,816,2.74,270.5,2026-03-22T01:17:26
5,36407,817,2.68,268.3,2026-03-22T01:17:26
5,36464,818,2.7,268.4,2026-03-22T01:17:26
5,36532,819,2.74,270.6,2026-03-22T01:17:27
5,36565,820,2.7,268.8,2026-03-22T01:17:27
5,36641,821,2.82,273.3,2026-03-22T01:17:27
5,36687,822,2.76,271.2,2026-03-22T01:17:28
5,36712,823,2.7,269.3,2026-03-22T01:17:28
5,36737,824,2.64,267.2,2026-03-22T01:17:28
5,36760,825,2.58,264.2,2026-03-22T01:17:28
5,36794,826,2.54,262.6,2026-03-22T01:17:28
5,36844,827,2.52,261.2,2026-03-22T01:17:29
5,36874,828,2.44,257.3,2026-03-22T01:17:29
5,36926,829,2.4,255.6,2026-03-22T01:17:29
5,36949,830,2.4,255.4,2026-03-22T01:17:29
5,37029,831,2.48,258.9,2026-03-22T01:17:30
5,37082,832,2.5,259.5,2026-03-22T01:17:30
5,37151,833,2.56,262.4,2026-03-22T01:17:31
5,37191,834,2.56,261.8,2026-03-22T01:17:31
5,37245,835,2.58,262.3,2026-03-22T01:17:31
5,37301,836,2.58,262.7,2026-03-22T01:17:32
5,37362,837,2.6,263.3,2026-03-22T01:17:32
5,37405,838,2.56,261.2,2026-03-22T01:17:32
5,37444,839,2.56,261.0,2026-03-22T01:17:33
5,37494,840,2.58,261.4,2026-03-22T01:17:33
5,37556,841,2.64,263.3,2026-03-22T01:17:33
5,37581,842,2.6,262.4,2026-03-22T01:17:34
5,37644,843,2.52,260.4,2026-03-22T01:17:34
5,37746,844,2.6,263.5,2026-03-22T01:17:34
5,37813,845,2.64,265.5,2026-03-22T01:17:35
5,37880,846,2.68,267.3,2026-03-22T01:17:35
5,37919,847,2.66,266.1,2026-03-22T01:17:36
5,37955,848,2.64,265.1,2026-03-22T01:17:36
5,37980,849,2.58,263.3,2026-03-22T01:17:36
5,38008,850,2.54,261.4,2026-03-22T01:17:36
5,38084,851,2.62,263.7,2026-03-22T01:17:37
5,38125,852,2.6,262.6,2026-03-22T01:17:37
5,38157,853,2.62,263.6,2026-03-22T01:17:37
5,38178,854,2.56,261.2,2026-03-22T01:17:37
5,38239,855,2.56,262.0,2026-03-22T01:17:38
5,38262,856,2.54,261.6,2026-03-22T01:17:38
5,38281,857,2.46,257.8,2026-03-22T01:17:38
5,38345,858,2.46,257.6,2026-03-22T01:17:39
5,38370,859,2.34,252.6,2026-03-22T01:17:39
5,38443,860,2.4,255.8,2026-03-22T01:17:39
5,38496,861,2.42,257.0,2026-03-22T01:17:39
5,38537,862,2.44,257.7,2026-03-22T01:17:40
5,38576,863,2.42,256.4,2026-03-22T01:17:40
5,38654,864,2.44,257.7,2026-03-22T01:17:41
5,38688,865,2.44,258.2,2026-03-22T01:17:41
5,38724,866,2.42,257.3,2026-03-22T01:17:41
5,38756,867,2.44,258.4,2026-03-22T01:17:41
5,38817,868,2.44,258.8,2026-03-22T01:17:42
5,38849,869,2.38,255.7,2026-03-22T01:17:42
5,38872,870,2.36,254.6,2026-03-22T01:17:42
5,38976,871,2.4,256.8,2026-03-22T01:17:43
5,39062,872,2.48,259.7,2026-03-22T01:17:43
5,39112,873,2.54,262.1,2026-03-22T01:17:44
5,39170,874,2.6,264.9,2026-03-22T01:17:44
5,39209,875,2.64,266.2,2026-03-22T01:17:44
5,39262,876,2.68,267.7,2026-03-22T01:17:45
5,39342,877,2.74,270.0,2026-03-22T01:17:45
5,39377,878,2.76,270.5,2026-03-22T01:17:45
5,39419,879,2.74,270.1,2026-03-22T01:17:46
5,39440,880,2.74,269.9,2026-03-22T01:17:46
5,39490,881,2.68,267.3,2026-03-22T01:17:46
5,39531,882,2.66,266.5,2026-03-22T01:17:46
5,39577,883,2.64,265.0,2026-03-22T01:17:47
5,39656,884,2.72,268.3,2026-03-22T01:17:47
5,39681,885,2.66,266.1,2026-03-22T01:17:47
5,39737,886,2.66,266.4,2026-03-22T01:17:48
5,39778,887,2.62,264.5,2026-03-22T01:17:48
5,39833,888,2.64,266.0,2026-03-22T01:17:48
5,39894,889,2.68,267.8,2026-03-22T01:17:49
5,39930,890,2.64,266.4,2026-03-22T01:17:49
5,39999,891,2.66,266.7,2026-03-22T01:17:49
5,40092,892,2.8,272.3,2026-03-22T01:17:50
5,40124,893,2.72,269.9,2026-03-22T01:17:50
5,40169,894,2.6,265.1,2026-03-22T01:17:51
5,40220,895,2.58,263.7,2026-03-22T01:17:51
5,40279,896,2.56,263.0,2026-03-22T01:17:51
5,40309,897,2.54,262.3,2026-03-22T01:17:52
5,40363,898,2.58,263.9,2026-03-22T01:17:52
5,40406,899,2.62,265.2,2026-03-22T01:17:52
5,40438,900,2.62,265.3,2026-03-22T01:17:52
5,40459,901,2.5,260.3,2026-03-22T01:17:53
5,40487,902,2.48,259.1,2026-03-22T01:17:53
5,40535,903,2.5,259.9,2026-03-22T01:17:53
5,40591,904,2.56,262.4,2026-03-22T01:17:53
5,40662,905,2.6,263.1,2026-03-22T01:17:54
5,40731,906,2.7,266.6,2026-03-22T01:17:54
5,40772,907,2.74,268.1,2026-03-22T01:17:55
5,40819,908,2.7,266.8,2026-03-22T01:17:55
5,40855,909,2.72,268.2,2026-03-22T01:17:55
5,40906,910,2.7,267.0,2026-03-22T01:17:56
5,40973,911,2.74,268.0,2026-03-22T01:17:56
5,41026,912,2.76,269.1,2026-03-22T01:17:56
5,41058,913,2.74,268.6,2026-03-22T01:17:57
5,41108,914,2.68,265.8,2026-03-22T01:17:57
5,41133,915,2.66,264.8,2026-03-22T01:17:57
5,41163,916,2.66,264.1,2026-03-22T01:17:57
5,41224,917,2.72,266.4,2026-03-22T01:17:58
5,41312,918,2.78,268.6,2026-03-22T01:17:58
5,41351,919,2.8,269.2,2026-03-22T01:17:58
5,41403,920,2.86,271.9,2026-03-22T01:17:59
5,41446,921,2.74,267.4,2026-03-22T01:17:59
5,41498,922,2.68,264.9,2026-03-22T01:17:59
5,41554,923,2.68,265.2,2026-03-22T01:18:00
5,41588,924,2.64,263.1,2026-03-22T01:18:00
5,41647,925,2.66,264.5,2026-03-22T01:18:00
5,41697,926,2.66,264.6,2026-03-22T01:18:01
5,41749,927,2.6,262.6,2026-03-22T01:18:01
5,41774,928,2.56,262.2,2026-03-22T01:18:01
5,41799,929,2.52,260.6,2026-03-22T01:18:01
5,41847,930,2.56,262.3,2026-03-22T01:18:02
5,41902,931,2.56,262.7,2026-03-22T01:18:02
5,41960,932,2.6,264.1,2026-03-22T01:18:03
5,41999,933,2.58,263.3,2026-03-22T01:18:03
5,42067,934,2.56,262.2,2026-03-22T01:18:03
5,42115,935,2.62,263.6,2026-03-22T01:18:04
5,42156,936,2.6,262.1,2026-03-22T01:18:04
5,42199,937,2.6,262.1,2026-03-22T01:18:04
5,42229,938,2.56,260.1,2026-03-22T01:18:04
5,42313,939,2.6,261.4,2026-03-22T01:18:05
5,42343,940,2.6,261.3,2026-03-22T01:18:05
5,42401,941,2.56,260.5,2026-03-22T01:18:05
5,42433,942,2.44,255.5,2026-03-22T01:18:06
5,42518,943,2.54,259.8,2026-03-22T01:18:06
5,42589,944,2.6,262.3,2026-03-22T01:18:07
5,42647,945,2.6,263.0,2026-03-22T01:18:07
5,42720,946,2.64,264.0,2026-03-22T01:18:08
5,42761,947,2.66,265.0,2026-03-22T01:18:08
5,42840,948,2.72,267.1,2026-03-22T01:18:08
5,42908,949,2.76,268.7,2026-03-22T01:18:09
5,42957,950,2.78,269.9,2026-03-22T01:18:09
5,42983,951,2.8,270.9,2026-03-22T01:18:09
5,43060,952,2.9,274.7,2026-03-22T01:18:10
5,43145,953,3.0,278.2,2026-03-22T01:18:10
5,43215,954,3.02,279.8,2026-03-22T01:18:11
5,43268,955,2.98,278.0,2026-03-22T01:18:11
5,43363,956,3.02,280.0,2026-03-22T01:18:12
5,43399,957,3.0,280.1,2026-03-22T01:18:12
5,43452,958,3.02,281.0,2026-03-22T01:18:12
5,43500,959,3.06,281.8,2026-03-22T01:18:13
5,43558,960,3.06,281.8,2026-03-22T01:18:13
5,43590,961,2.98,278.9,2026-03-22T01:18:13
5,43633,962,2.96,278.6,2026-03-22T01:18:14
5,43707,963,3.04,281.7,2026-03-22T01:18:14
5,43739,964,3.0,280.8,2026-03-22T01:18:14
5,43816,965,3.12,285.0,2026-03-22T01:18:15
5,43894,966,3.22,288.9,2026-03-22T01:18:15
5,43926,967,3.16,286.4,2026-03-22T01:18:15
5,43978,968,3.08,283.6,2026-03-22T01:18:16
5,44003,969,3.04,282.7,2026-03-22T01:18:16
5,44049,970,3.04,282.2,2026-03-22T01:18:16
5,44146,971,3.14,286.2,2026-03-22T01:18:17
5,44176,972,3.1,284.4,2026-03-22T01:18:17
5,44226,973,3.1,283.9,2026-03-22T01:18:17
5,44270,974,3.12,284.9,2026-03-22T01:18:18
5,44305,975,3.1,282.9,2026-03-22T01:18:18
5,44341,976,3.06,282.0,2026-03-22T01:18:18
5,44366,977,3.0,279.4,2026-03-22T01:18:18
5,44391,978,3.0,279.4,2026-03-22T01:18:19
5,44434,979,3.04,281.0,2026-03-22T01:18:19
5,44509,980,3.1,283.3,2026-03-22T01:18:19
5,44586,981,3.16,285.3,2026-03-22T01:18:20
5,44654,982,3.18,286.1,2026-03-22T01:18:20
5,44698,983,3.18,286.4,2026-03-22T01:18:20
5,44746,984,3.12,284.7,2026-03-22T01:18:21
5,44797,985,3.12,284.9,2026-03-22T01:18:21
5,44836,986,3.12,284.7,2026-03-22T01:18:21
5,44881,987,3.12,285.3,2026-03-22T01:18:22
5,44955,988,3.2,288.6,2026-03-22T01:18:22
5,45008,989,3.14,286.5,2026-03-22T01:18:22
5,45082,990,3.22,290.1,2026-03-22T01:18:23
5,45132,991,3.22,289.4,2026-03-22T01:18:23
5,45201,992,3.28,292.5,2026-03-22T01:18:24
5,45245,993,3.2,289.1,2026-03-22T01:18:24
5,45277,994,3.12,285.6,2026-03-22T01:18:24
5,45309,995,3.08,283.1,2026-03-22T01:18:24
5,45357,996,3.02,281.1,2026-03-22T01:18:25
5,45427,997,3.06,283.4,2026-03-22T01:18:25
5,45477,998,3.0,280.8,2026-03-22T01:18:25
5,45502,999,2.92,277.6,2026-03-22T01:18:26
5,45561,1000,2.94,278.4,2026-03-22T01:18:26
5,45618,1001,2.98,280.7,2026-03-22T01:18:26
5,45654,1002,2.88,277.6,2026-03-22T01:18:27
5,45728,1003,2.84,276.8,2026-03-22T01:18:27
5,45788,1004,2.84,275.8,2026-03-22T01:18:27
5,45831,1005,2.82,275.1,2026-03-22T01:18:28
5,45908,1006,2.78,273.7,2026-03-22T01:18:28
5,45929,1007,2.76,272.3,2026-03-22T01:18:28
5,45989,1008,2.78,272.8,2026-03-22T01:18:29
5,46039,1009,2.78,272.8,2026-03-22T01:18:29
5,46106,1010,2.8,273.6,2026-03-22T01:18:29
5,46138,1011,2.8,273.5,2026-03-22T01:18:30
5,46174,1012,2.78,272.4,2026-03-22T01:18:30
5,46221,1013,2.72,270.2,2026-03-22T01:18:30
5,46260,1014,2.74,270.7,2026-03-22T01:18:31
5,46283,1015,2.62,266.8,2026-03-22T01:18:31
5,46345,1016,2.58,265.7,2026-03-22T01:18:31
5,46381,1017,2.58,266.0,2026-03-22T01:18:31
5,46476,1018,2.66,269.5,2026-03-22T01:18:32
5,46499,1019,2.66,269.3,2026-03-22T01:18:32
5,46542,1020,2.64,269.0,2026-03-22T01:18:32
5,46583,1021,2.54,264.6,2026-03-22T01:18:33
5,46661,1022,2.62,268.5,2026-03-22T01:18:33
5,46725,1023,2.66,269.5,2026-03-22T01:18:34
5,46798,1024,2.72,271.5,2026-03-22T01:18:34
5,46830,1025,2.7,271.8,2026-03-22T01:18:34
5,46858,1026,2.7,270.8,2026-03-22T01:18:34
5,46933,1027,2.8,275.2,2026-03-22T01:18:35
5,47011,1028,2.92,279.2,2026-03-22T01:18:35
5,47045,1029,2.9,278.5,2026-03-22T01:18:36
5,47113,1030,2.9,277.8,2026-03-22T01:18:36
5,47156,1031,2.82,274.6,2026-03-22T01:18:36
5,47205,1032,2.78,272.9,2026-03-22T01:18:37
5,47248,1033,2.78,272.8,2026-03-22T01:18:37
5,47287,1034,2.78,272.4,2026-03-22T01:18:37
5,47340,1035,2.78,272.9,2026-03-22T01:18:38
5,47445,1036,2.9,278.2,2026-03-22T01:18:38
5,47511,1037,2.96,279.8,2026-03-22T01:18:39
5,47545,1038,2.88,276.5,2026-03-22T01:18:39
5,47600,1039,2.9,276.4,2026-03-22T01:18:39
5,47643,1040,2.84,273.9,2026-03-22T01:18:40
5,47702,1041,2.86,274.9,2026-03-22T01:18:40
5,47794,1042,2.92,276.2,2026-03-22T01:18:41
5,47840,1043,2.92,276.7,2026-03-22T01:18:41
5,47888,1044,2.96,278.1,2026-03-22T01:18:41
5,47955,1045,3.04,280.7,2026-03-22T01:18:42
5,48011,1046,3.06,281.5,2026-03-22T01:18:42
5,48098,1047,3.1,282.7,2026-03-22T01:18:42
5,48137,1048,3.08,281.9,2026-03-22T01:18:43
5,48187,1049,3.14,284.1,2026-03-22T01:18:43
5,48219,1050,3.1,281.9,2026-03-22T01:18:43
5,48292,1051,3.14,282.8,2026-03-22T01:18:44
5,48365,1052,3.24,285.7,2026-03-22T01:18:44
5,48401,1053,3.16,282.2,2026-03-22T01:18:44
5,48435,1054,3.1,279.9,2026-03-22T01:18:45
5,48460,1055,3.06,278.6,2026-03-22T01:18:45
5,48556,1056,3.16,279.9,2026-03-22T01:18:45
5,48586,1057,3.18,280.3,2026-03-22T01:18:46
5,48627,1058,3.14,279.0,2026-03-22T01:18:46
5,48672,1059,3.12,278.5,2026-03-22T01:18:46
5,48722,1060,3.1,277.2,2026-03-22T01:18:46
5,48754,1061,3.1,277.3,2026-03-22T01:18:47
5,48808,1062,3.16,279.3,2026-03-22T01:18:47
5,48838,1063,3.14,278.4,2026-03-22T01:18:47
5,48904,1064,3.18,280.3,2026-03-22T01:18:48
5,48957,1065,3.24,282.4,2026-03-22T01:18:48
5,49029,1066,3.26,283.4,2026-03-22T01:18:48
5,49090,1067,3.3,285.1,2026-03-22T01:18:49
5,49181,1068,3.3,284.8,2026-03-22T01:18:49
5,49216,1069,3.34,285.9,2026-03-22T01:18:50
5,49246,1070,3.32,284.7,2026-03-22T01:18:50
5,49314,1071,3.38,287.1,2026-03-22T01:18:50
5,49397,1072,3.4,287.3,2026-03-22T01:18:51
5,49446,1073,3.36,286.1,2026-03-22T01:18:51
5,49505,1074,3.34,284.9,2026-03-22T01:18:51
5,49571,1075,3.42,287.7,2026-03-22T01:18:52
5,49626,1076,3.46,289.9,2026-03-22T01:18:52
5,49729,1077,3.52,292.0,2026-03-22T01:18:53
5,49823,1078,3.54,293.4,2026-03-22T01:18:53
5,49878,1079,3.6,295.1,2026-03-22T01:18:54
5,49906,1080,3.52,292.3,2026-03-22T01:18:54
5,49971,1081,3.56,294.4,2026-03-22T01:18:54
5,50022,1082,3.56,294.7,2026-03-22T01:18:58
5,50047,1083,3.52,293.6,2026-03-22T01:18:58
5,50104,1084,3.56,295.0,2026-03-22T01:18:58
5,50145,1085,3.54,294.1,2026-03-22T01:18:59
5,50199,1086,3.44,289.7,2026-03-22T01:18:59
5,50240,1087,3.38,287.9,2026-03-22T01:18:59
5,50297,1088,3.42,289.8,2026-03-22T01:19:00
5,50355,1089,3.42,290.2,2026-03-22T01:19:00
5,50417,1090,3.46,291.6,2026-03-22T01:19:00
5,50490,1091,3.46,292.6,2026-03-22T01:19:01
5,50531,1092,3.36,288.9,2026-03-22T01:19:01
5,50586,1093,3.38,289.4,2026-03-22T01:19:02
5,50650,1094,3.4,290.6,2026-03-22T01:19:02
5,50700,1095,3.36,289.4,2026-03-22T01:19:02
5,50764,1096,3.4,289.8,2026-03-22T01:19:03
5,50787,1097,3.28,285.0,2026-03-22T01:19:03
5,50826,1098,3.28,285.0,2026-03-22T01:19:03
5,50877,1099,3.28,284.9,2026-03-22T01:19:03
5,50918,1100,3.3,286.1,2026-03-22T01:19:04
5,50943,1101,3.2,282.8,2026-03-22T01:19:04
5,50975,1102,3.1,279.6,2026-03-22T01:19:04
5,51055,1103,3.2,283.4,2026-03-22T01:19:05
5,51108,1104,3.24,285.0,2026-03-22T01:19:05
5,51138,1105,3.26,285.4,2026-03-22T01:19:05
5,51179,1106,3.1,281.2,2026-03-22T01:19:06
5,51202,1107,3.08,280.8,2026-03-22T01:19:06
5,51232,1108,3.06,279.6,2026-03-22T01:19:06
5,51264,1109,3.04,278.5,2026-03-22T01:19:06
5,51327,1110,3.06,279.4,2026-03-22T01:19:07
5,51377,1111,3.1,280.7,2026-03-22T01:19:07
5,51446,1112,3.12,281.6,2026-03-22T01:19:07
5,51526,1113,3.22,285.3,2026-03-22T01:19:08
5,51563,1114,3.18,283.0,2026-03-22T01:19:08
5,51593,1115,3.14,281.0,2026-03-22T01:19:08
5,51616,1116,3.04,277.0,2026-03-22T01:19:08
5,51657,1117,3.02,275.5,2026-03-22T01:19:09
5,51736,1118,3.0,274.6,2026-03-22T01:19:09
5,51777,1119,3.0,274.6,2026-03-22T01:19:09
5,51840,1120,3.06,276.9,2026-03-22T01:19:10
5,51900,1121,3.02,276.4,2026-03-22T01:19:10
5,51944,1122,2.96,273.5,2026-03-22T01:19:11
5,51978,1123,2.92,272.3,2026-03-22T01:19:11
5,52022,1124,2.88,271.1,2026-03-22T01:19:11
5,52074,1125,2.84,269.7,2026-03-22T01:19:11
5,52151,1126,2.88,271.7,2026-03-22T01:19:12
5,52199,1127,2.76,267.3,2026-03-22T01:19:12
5,52224,1128,2.62,261.7,2026-03-22T01:19:12
5,52272,1129,2.6,260.9,2026-03-22T01:19:13
5,52306,1130,2.6,260.9,2026-03-22T01:19:13
5,52338,1131,2.54,258.3,2026-03-22T01:19:13
5,52392,1132,2.54,258.3,2026-03-22T01:19:14
5,52435,1133,2.58,259.4,2026-03-22T01:19:14
5,52490,1134,2.56,259.0,2026-03-22T01:19:14
5,52537,1135,2.56,259.4,2026-03-22T01:19:15
5,52571,1136,2.52,257.8,2026-03-22T01:19:15
5,52634,1137,2.56,259.1,2026-03-22T01:19:15
5,52686,1138,2.56,258.9,2026-03-22T01:19:15
5,52720,1139,2.5,256.8,2026-03-22T01:19:16
5,52762,1140,2.46,254.9,2026-03-22T01:19:16
5,52787,1141,2.38,251.0,2026-03-22T01:19:16
5,52856,1142,2.44,252.8,2026-03-22T01:19:17
5,52888,1143,2.4,250.7,2026-03-22T01:19:17
5,52936,1144,2.36,249.6,2026-03-22T01:19:17
5,52986,1145,2.36,249.5,2026-03-22T01:19:18
5,53034,1146,2.32,248.3,2026-03-22T01:19:18
5,53075,1147,2.36,249.8,2026-03-22T01:19:18
5,53125,1148,2.38,250.5,2026-03-22T01:19:18
5,53191,1149,2.4,251.7,2026-03-22T01:19:19
5,53246,1150,2.42,252.8,2026-03-22T01:19:19
5,53288,1151,2.46,253.8,2026-03-22T01:19:20
5,53345,1152,2.52,255.8,2026-03-22T01:19:20
5,53432,1153,2.52,256.3,2026-03-22T01:19:20
5,53471,1154,2.5,255.0,2026-03-22T01:19:21
5,53548,1155,2.6,258.9,2026-03-22T01:19:21
5,53605,1156,2.64,260.2,2026-03-22T01:19:22
5,53648,1157,2.68,261.8,2026-03-22T01:19:22
5,53673,1158,2.66,261.5,2026-03-22T01:19:22
5,53725,1159,2.7,263.5,2026-03-22T01:19:22
5,53808,1160,2.74,265.5,2026-03-22T01:19:23
5,53893,1161,2.82,268.3,2026-03-22T01:19:23
5,53936,1162,2.76,266.3,2026-03-22T01:19:24
5,53977,1163,2.68,263.2,2026-03-22T01:19:24
5,54044,1164,2.72,265.6,2026-03-22T01:19:24
5,54099,1165,2.76,267.8,2026-03-22T01:19:25
5,54166,1166,2.86,270.9,2026-03-22T01:19:25
5,54228,1167,2.9,273.0,2026-03-22T01:19:25
5,54315,1168,2.9,273.6,2026-03-22T01:19:26
5,54356,1169,2.9,273.8,2026-03-22T01:19:26
5,54393,1170,2.86,272.1,2026-03-22T01:19:27
5,54509,1171,3.0,276.6,2026-03-22T01:19:27
5,54561,1172,3.0,276.8,2026-03-22T01:19:28
5,54617,1173,3.04,278.4,2026-03-22T01:19:28
5,54698,1174,3.14,281.5,2026-03-22T01:19:28
5,54744,1175,3.12,280.9,2026-03-22T01:19:29
5,54792,1176,3.06,278.1,2026-03-22T01:19:29
5,54889,1177,3.16,282.4,2026-03-22T01:19:30
5,54966,1178,3.28,286.3,2026-03-22T01:19:30
5,54989,1179,3.22,284.4,2026-03-22T01:19:30
5,55071,1180,3.32,288.7,2026-03-22T01:19:31
5,55121,1181,3.36,290.1,2026-03-22T01:19:31
5,55196,1182,3.42,292.4,2026-03-22T01:19:32
5,55270,1183,3.48,295.2,2026-03-22T01:19:32
5,55311,1184,3.46,294.4,2026-03-22T01:19:32
5,55381,1185,3.52,296.1,2026-03-22T01:19:33
5,55431,1186,3.56,297.5,2026-03-22T01:19:33
5,55540,1187,3.64,301.5,2026-03-22T01:19:34
5,55561,1188,3.58,298.9,2026-03-22T01:19:34
5,55640,1189,3.68,302.9,2026-03-22T01:19:35
5,55718,1190,3.74,306.3,2026-03-22T01:19:35
5,55845,1191,4.0,314.5,2026-03-22T01:19:36
5,55949,1192,4.06,317.5,2026-03-22T01:19:36
5,56044,1193,4.16,322.9,2026-03-22T01:19:37
5,56088,1194,4.16,322.6,2026-03-22T01:19:37
5,56143,1195,4.16,322.9,2026-03-22T01:19:38
5,56253,1196,4.26,328.1,2026-03-22T01:19:38
5,56278,1197,4.22,326.6,2026-03-22T01:19:38
5,56385,1198,4.32,331.4,2026-03-22T01:19:39
5,56473,1199,4.38,333.2,2026-03-22T01:19:40
5,56528,1200,4.38,332.7,2026-03-22T01:19:40
5,56553,1201,4.34,331.3,2026-03-22T01:19:40
5,56626,1202,4.36,332.7,2026-03-22T01:19:41
5,56718,1203,4.38,333.1,2026-03-22T01:19:41
5,56780,1204,4.44,335.4,2026-03-22T01:19:42
5,56842,1205,4.4,334.3,2026-03-22T01:19:42
5,56902,1206,4.38,334.5,2026-03-22T01:19:42
5,56962,1207,4.42,336.3,2026-03-22T01:19:43
5,57028,1208,4.52,339.2,2026-03-22T01:19:43
5,57053,1209,4.46,337.0,2026-03-22T01:19:44
5,57122,1210,4.44,335.7,2026-03-22T01:19:44
5,57161,1211,4.34,332.2,2026-03-22T01:19:44
5,57184,1212,4.3,330.8,2026-03-22T01:19:44
5,57239,1213,4.32,331.7,2026-03-22T01:19:45
5,57312,1214,4.34,332.3,2026-03-22T01:19:45
5,57356,1215,4.32,331.4,2026-03-22T01:19:46
5,57410,1216,4.28,330.7,2026-03-22T01:19:46
5,57442,1217,4.22,327.7,2026-03-22T01:19:46
5,57496,1218,4.16,324.7,2026-03-22T01:19:46
5,57533,1219,4.16,324.3,2026-03-22T01:19:47
5,57641,1220,4.3,329.5,2026-03-22T01:19:47
5,57744,1221,4.28,327.9,2026-03-22T01:19:48
5,57787,1222,4.26,327.5,2026-03-22T01:19:48
5,57821,1223,4.22,326.0,2026-03-22T01:19:49
5,57882,1224,4.16,324.5,2026-03-22T01:19:49
5,57941,1225,4.2,325.5,2026-03-22T01:19:49
5,57989,1226,4.22,325.8,2026-03-22T01:19:50
5,58052,1227,4.16,322.6,2026-03-22T01:19:50
5,58121,1228,4.14,322.4,2026-03-22T01:19:50
5,58189,1229,4.24,325.8,2026-03-22T01:19:51
5,58237,1230,4.16,323.0,2026-03-22T01:19:51
5,58269,1231,4.12,321.6,2026-03-22T01:19:51
5,58338,1232,4.08,320.7,2026-03-22T01:19:52
5,58419,1233,4.1,321.3,2026-03-22T01:19:52
5,58496,1234,4.16,324.0,2026-03-22T01:19:53
5,58555,1235,4.14,323.1,2026-03-22T01:19:53
5,58597,1236,4.12,322.5,2026-03-22T01:19:54
5,58653,1237,4.02,318.2,2026-03-22T01:19:54
5,58731,1238,4.14,322.8,2026-03-22T01:19:54
5,58768,1239,4.06,319.5,2026-03-22T01:19:55
5,58820,1240,4.02,317.0,2026-03-22T01:19:55
5,58922,1241,3.92,314.8,2026-03-22T01:19:56
5,58981,1242,3.84,311.0,2026-03-22T01:19:56
5,59047,1243,3.82,308.5,2026-03-22T01:19:56
5,59072,1244,3.78,306.8,2026-03-22T01:19:57
5,59168,1245,3.88,310.4,2026-03-22T01:19:57
5,59230,1246,3.8,306.1,2026-03-22T01:19:58
5,59274,1247,3.84,307.7,2026-03-22T01:19:58
5,59332,1248,3.74,303.8,2026-03-22T01:19:58
5,59364,1249,3.62,299.4,2026-03-22T01:19:58
5,59433,1250,3.66,300.6,2026-03-22T01:19:59
5,59474,1251,3.7,301.8,2026-03-22T01:19:59
5,59531,1252,3.68,300.2,2026-03-22T01:20:00
5,59586,1253,3.6,297.0,2026-03-22T01:20:00
5,59627,1254,3.54,294.9,2026-03-22T01:20:00
5,59678,1255,3.52,293.9,2026-03-22T01:20:01
5,59747,1256,3.56,294.7,2026-03-22T01:20:01
5,59777,1257,3.5,292.2,2026-03-22T01:20:01
5,59813,1258,3.42,290.2,2026-03-22T01:20:01
5,59898,1259,3.54,294.9,2026-03-22T01:20:02
5,59934,1260,3.46,292.4,2026-03-22T01:20:02
5,59966,1261,3.44,291.6,2026-03-22T01:20:02
5,60065,1262,3.6,297.3,2026-03-22T01:20:03
5,60110,1263,3.58,296.5,2026-03-22T01:20:03
5,60159,1264,3.52,294.5,2026-03-22T01:20:04
5,60224,1265,3.56,296.5,2026-03-22T01:20:04
5,60281,1266,3.58,296.8,2026-03-22T01:20:04
5,60361,1267,3.68,301.2,2026-03-22T01:20:05
5,60422,1268,3.7,301.8,2026-03-22T01:20:05
5,60489,1269,3.74,304.7,2026-03-22T01:20:06
5,60583,1270,3.7,304.1,2026-03-22T01:20:06
5,60624,1271,3.56,299.6,2026-03-22T01:20:07
5,60671,1272,3.56,299.7,2026-03-22T01:20:07
5,60750,1273,3.7,303.6,2026-03-22T01:20:07
5,60803,1274,3.68,303.1,2026-03-22T01:20:08
5,60913,1275,3.84,307.1,2026-03-22T01:20:08
5,60968,1276,3.84,307.9,2026-03-22T01:20:09
5,61096,1277,3.98,313.3,2026-03-22T01:20:10
5,61214,1278,4.08,316.9,2026-03-22T01:20:10
5,61253,1279,4.02,314.7,2026-03-22T01:20:11
5,61339,1280,4.1,317.5,2026-03-22T01:20:11
5,61378,1281,4.12,317.9,2026-03-22T01:20:11
5,61421,1282,4.08,316.0,2026-03-22T01:20:12
5,61460,1283,4.0,312.2,2026-03-22T01:20:12
5,61533,1284,4.0,311.9,2026-03-22T01:20:12
5,61611,1285,4.04,313.6,2026-03-22T01:20:13
5,61679,1286,4.1,316.0,2026-03-22T01:20:13
5,61773,1287,4.18,318.8,2026-03-22T01:20:14
5,61807,1288,4.08,314.8,2026-03-22T01:20:14
5,61888,1289,4.16,317.9,2026-03-22T01:20:15
5,61972,1290,4.22,320.5,2026-03-22T01:20:15
5,62033,1291,4.14,317.1,2026-03-22T01:20:16
5,62073,1292,4.1,315.6,2026-03-22T01:20:16
5,62098,1293,4.0,312.3,2026-03-22T01:20:16
5,62130,1294,4.02,313.1,2026-03-22T01:20:16
5,62195,1295,3.94,310.6,2026-03-22T01:20:17
5,62262,1296,3.96,311.2,2026-03-22T01:20:17
5,62305,1297,3.96,311.1,2026-03-22T01:20:17
5,62365,1298,3.98,311.1,2026-03-22T01:20:18
5,62457,1299,4.1,315.5,2026-03-22T01:20:18
5,62487,1300,4.02,312.3,2026-03-22T01:20:19
5,62578,1301,4.12,316.7,2026-03-22T01:20:19
5,62610,1302,4.06,315.1,2026-03-22T01:20:19
5,62698,1303,4.14,317.8,2026-03-22T01:20:20
5,62744,1304,4.16,318.4,2026-03-22T01:20:20
5,62814,1305,4.2,320.0,2026-03-22T01:20:21
5,62844,1306,4.12,316.6,2026-03-22T01:20:21
5,62910,1307,4.18,319.2,2026-03-22T01:20:21
5,62963,1308,4.22,320.2,2026-03-22T01:20:22
5,62995,1309,4.12,315.7,2026-03-22T01:20:22
5,63038,1310,4.14,316.1,2026-03-22T01:20:22
5,63101,1311,4.2,318.7,2026-03-22T01:20:23
5,63195,1312,4.16,318.6,2026-03-22T01:20:23
5,63241,1313,4.18,319.0,2026-03-22T01:20:23
5,63313,1314,4.24,320.6,2026-03-22T01:20:24
5,63363,1315,4.22,319.1,2026-03-22T01:20:24
5,63409,1316,4.2,317.7,2026-03-22T01:20:25
5,63472,1317,4.16,315.8,2026-03-22T01:20:25
5,63535,1318,4.16,316.3,2026-03-22T01:20:25
5,63590,1319,4.16,314.9,2026-03-22T01:20:26
5,63675,1320,4.18,314.0,2026-03-22T01:20:26
5,63736,1321,4.22,315.3,2026-03-22T01:20:27
5,63808,1322,4.28,317.3,2026-03-22T01:20:27
5,63903,1323,4.26,318.4,2026-03-22T01:20:28
5,63970,1324,4.28,319.3,2026-03-22T01:20:28
5,64040,1325,4.14,316.3,2026-03-22T01:20:28
5,64120,1326,4.22,317.8,2026-03-22T01:20:29
5,64196,1327,4.1,313.4,2026-03-22T01:20:29
5,64271,1328,4.0,309.8,2026-03-22T01:20:30
5,64322,1329,4.02,310.9,2026-03-22T01:20:30
5,64408,1330,4.04,311.1,2026-03-22T01:20:31
5,64472,1331,4.1,312.9,2026-03-22T01:20:31
5,64502,1332,4.08,311.7,2026-03-22T01:20:31
5,64532,1333,4.06,311.3,2026-03-22T01:20:32
5,64586,1334,4.02,309.6,2026-03-22T01:20:32
5,64648,1335,3.98,308.4,2026-03-22T01:20:32
5,64680,1336,3.9,305.0,2026-03-22T01:20:33
5,64752,1337,3.86,303.2,2026-03-22T01:20:33
5,64795,1338,3.88,304.2,2026-03-22T01:20:33
5,64878,1339,3.88,304.8,2026-03-22T01:20:34
5,64947,1340,3.86,303.8,2026-03-22T01:20:34
5,65035,1341,3.92,306.5,2026-03-22T01:20:35
5,65113,1342,3.98,309.6,2026-03-22T01:20:35
5,65217,1343,4.12,316.2,2026-03-22T01:20:36
5,65299,1344,4.22,320.4,2026-03-22T01:20:36
5,65331,1345,4.16,317.7,2026-03-22T01:20:37
5,65387,1346,4.14,316.8,2026-03-22T01:20:37
5,65431,1347,4.14,316.9,2026-03-22T01:20:37
5,65486,1348,4.12,316.8,2026-03-22T01:20:38
5,65531,1349,4.02,313.1,2026-03-22T01:20:38
5,65585,1350,4.06,315.0,2026-03-22T01:20:38
5,65666,1351,4.04,314.2,2026-03-22T01:20:39
5,65694,1352,4.04,313.8,2026-03-22T01:20:39
5,65746,1353,3.96,310.8,2026-03-22T01:20:39
5,65794,1354,3.96,310.7,2026-03-22T01:20:40
5,65831,1355,3.88,308.2,2026-03-22T01:20:40
5,65874,1356,3.9,309.3,2026-03-22T01:20:40
5,65975,1357,3.96,312.0,2026-03-22T01:20:41
5,66043,1358,3.98,313.1,2026-03-22T01:20:41
5,66092,1359,4.02,314.9,2026-03-22T01:20:42
5,66162,1360,4.08,316.8,2026-03-22T01:20:42
5,66211,1361,4.06,316.0,2026-03-22T01:20:42
5,66259,1362,3.98,312.4,2026-03-22T01:20:43
5,66319,1363,4.0,313.6,2026-03-22T01:20:43
5,66427,1364,4.06,316.4,2026-03-22T01:20:44
5,66480,1365,4.06,316.5,2026-03-22T01:20:44
5,66548,1366,4.1,318.7,2026-03-22T01:20:44
5,66599,1367,4.08,318.3,2026-03-22T01:20:45
5,66719,1368,4.24,322.9,2026-03-22T01:20:45
5,66820,1369,4.32,326.9,2026-03-22T01:20:46
5,66866,1370,4.22,323.8,2026-03-22T01:20:46
5,66925,1371,4.2,324.1,2026-03-22T01:20:47
5,66987,1372,4.18,323.3,2026-03-22T01:20:47
5,67082,1373,4.16,323.1,2026-03-22T01:20:48
5,67171,1374,4.2,324.7,2026-03-22T01:20:48
5,67226,1375,4.16,323.5,2026-03-22T01:20:49
5,67296,1376,4.12,323.2,2026-03-22T01:20:49
5,67344,1377,4.08,321.4,2026-03-22T01:20:49
5,67428,1378,4.1,322.7,2026-03-22T01:20:50
5,67488,1379,4.1,323.4,2026-03-22T01:20:50
5,67540,1380,4.04,320.3,2026-03-22T01:20:51
5,67581,1381,3.98,318.5,2026-03-22T01:20:51
5,67611,1382,3.98,318.9,2026-03-22T01:20:51
5,67632,1383,3.96,318.4,2026-03-22T01:20:51
5,67697,1384,4.0,319.5,2026-03-22T01:20:52
5,67761,1385,4.0,319.4,2026-03-22T01:20:52
5,67841,1386,4.08,323.6,2026-03-22T01:20:53
5,67927,1387,4.1,325.1,2026-03-22T01:20:53
5,68006,1388,4.18,327.9,2026-03-22T01:20:54
5,68056,1389,4.12,325.3,2026-03-22T01:20:54
5,68107,1390,4.1,324.1,2026-03-22T01:20:54
5,68130,1391,3.96,318.7,2026-03-22T01:20:54
5,68204,1392,3.98,318.6,2026-03-22T01:20:55
5,68245,1393,3.88,313.3,2026-03-22T01:20:55
5,68286,1394,3.8,310.2,2026-03-22T01:20:55
5,68344,1395,3.84,312.1,2026-03-22T01:20:56
5,68406,1396,3.84,312.5,2026-03-22T01:20:56
5,68454,1397,3.86,312.8,2026-03-22T01:20:57
5,68527,1398,3.9,314.2,2026-03-22T01:20:57
5,68608,1399,3.98,317.3,2026-03-22T01:20:57
5,68660,1400,3.98,317.5,2026-03-22T01:20:58
5,68755,1401,4.02,318.1,2026-03-22T01:20:58
5,68817,1402,4.08,321.0,2026-03-22T01:20:59
5,68882,1403,4.1,322.1,2026-03-22T01:20:59
5,68952,1404,4.12,324.3,2026-03-22T01:21:00
5,69013,1405,4.18,326.3,2026-03-22T01:21:00
5,69061,1406,4.2,326.6,2026-03-22T01:21:00
5,69109,1407,4.12,322.6,2026-03-22T01:21:01
5,69170,1408,4.12,322.1,2026-03-22T01:21:01
5,69204,1409,4.08,320.4,2026-03-22T01:21:01
5,69264,1410,4.06,320.0,2026-03-22T01:21:02
5,69292,1411,4.02,318.1,2026-03-22T01:21:02
5,69395,1412,4.16,322.3,2026-03-22T01:21:02
5,69480,1413,4.22,323.9,2026-03-22T01:21:03
5,69534,1414,4.12,320.1,2026-03-22T01:21:03
5,69573,1415,4.1,319.0,2026-03-22T01:21:04
5,69641,1416,4.1,318.8,2026-03-22T01:21:04
5,69736,1417,4.18,322.3,2026-03-22T01:21:05
5,69797,1418,4.0,317.6,2026-03-22T01:21:05
5,69836,1419,3.88,312.3,2026-03-22T01:21:05
5,69914,1420,3.94,314.6,2026-03-22T01:21:06
5,70030,1421,4.08,318.8,2026-03-22T01:21:06
5,70066,1422,4.02,316.9,2026-03-22T01:21:07
5,70142,1423,4.0,315.3,2026-03-22T01:21:07
5,70183,1424,3.92,311.6,2026-03-22T01:21:07
5,70280,1425,4.0,314.9,2026-03-22T01:21:08
5,70308,1426,3.92,311.6,2026-03-22T01:21:08
5,70360,1427,3.92,311.4,2026-03-22T01:21:08
5,70409,1428,3.84,308.0,2026-03-22T01:21:09
5,70445,1429,3.8,305.9,2026-03-22T01:21:09
5,70475,1430,3.74,304.5,2026-03-22T01:21:09
5,70560,1431,3.84,308.4,2026-03-22T01:21:10
5,70629,1432,3.92,311.5,2026-03-22T01:21:10
5,70672,1433,3.96,313.1,2026-03-22T01:21:10
5,70725,1434,3.92,312.2,2026-03-22T01:21:11
5,70793,1435,3.94,312.9,2026-03-22T01:21:11
5,70847,1436,3.9,310.6,2026-03-22T01:21:12
5,70918,1437,3.86,309.2,2026-03-22T01:21:12
5,71040,1438,3.94,312.5,2026-03-22T01:21:13
5,71107,1439,3.96,313.5,2026-03-22T01:21:13
5,71174,1440,3.98,314.7,2026-03-22T01:21:14
5,71197,1441,3.98,314.5,2026-03-22T01:21:14
5,71293,1442,4.06,315.9,2026-03-22T01:21:14
5,71346,1443,4.08,316.8,2026-03-22T01:21:15
5,71394,1444,4.1,316.8,2026-03-22T01:21:15
5,71433,1445,4.08,315.5,2026-03-22T01:21:15
5,71529,1446,4.14,318.2,2026-03-22T01:21:16
5,71559,1447,4.1,317.0,2026-03-22T01:21:16
5,71616,1448,4.08,315.7,2026-03-22T01:21:16
5,71659,1449,4.0,312.9,2026-03-22T01:21:17
5,71737,1450,4.06,314.9,2026-03-22T01:21:17
5,71800,1451,3.98,312.7,2026-03-22T01:21:17
5,71883,1452,4.04,314.2,2026-03-22T01:21:18
5,71975,1453,4.1,316.7,2026-03-22T01:21:19
5,72064,1454,4.14,318.2,2026-03-22T01:21:19
5,72126,1455,4.14,318.0,2026-03-22T01:21:19
5,72211,1456,4.22,321.2,2026-03-22T01:21:20
5,72296,1457,4.28,323.9,2026-03-22T01:21:20
5,72353,1458,4.28,324.0,2026-03-22T01:21:21
5,72403,1459,4.32,325.7,2026-03-22T01:21:21
5,72461,1460,4.32,325.7,2026-03-22T01:21:22
5,72510,1461,4.36,327.2,2026-03-22T01:21:22
5,72583,1462,4.28,324.8,2026-03-22T01:21:22
5,72611,1463,4.16,320.7,2026-03-22T01:21:23
5,72689,1464,4.22,322.5,2026-03-22T01:21:23
5,72787,1465,4.32,327.6,2026-03-22T01:21:24
5,72836,1466,4.28,325.9,2026-03-22T01:21:24
5,72895,1467,4.22,322.6,2026-03-22T01:21:24
5,72948,1468,4.22,321.9,2026-03-22T01:21:25
5,73038,1469,4.32,326.0,2026-03-22T01:21:25
5,73104,1470,4.3,325.2,2026-03-22T01:21:25
5,73170,1471,4.18,321.1,2026-03-22T01:21:26
5,73248,1472,4.28,324.0,2026-03-22T01:21:26
5,73291,1473,4.22,321.6,2026-03-22T01:21:27
5,73347,1474,4.26,322.8,2026-03-22T01:21:27
5,73391,1475,4.18,318.5,2026-03-22T01:21:27
5,73423,1476,4.18,318.6,2026-03-22T01:21:27
5,73466,1477,4.16,318.0,2026-03-22T01:21:28
5,73596,1478,4.36,324.8,2026-03-22T01:21:28
5,73644,1479,4.38,326.2,2026-03-22T01:21:29
5,73728,1480,4.48,330.4,2026-03-22T01:21:29
5,73797,1481,4.44,328.8,2026-03-22T01:21:30
5,73868,1482,4.44,328.8,2026-03-22T01:21:30
5,73952,1483,4.54,332.0,2026-03-22T01:21:31
5,74023,1484,4.58,333.4,2026-03-22T01:21:31
5,74124,1485,4.64,336.2,2026-03-22T01:21:32
5,74200,1486,4.7,338.3,2026-03-22T01:21:32
5,74225,1487,4.62,334.9,2026-03-22T01:21:32
5,74291,1488,4.5,330.6,2026-03-22T01:21:33
5,74350,1489,4.48,330.1,2026-03-22T01:21:33
5,74455,1490,4.6,333.0,2026-03-22T01:21:34
5,74559,1491,4.76,340.0,2026-03-22T01:21:34
5,74605,1492,4.62,336.2,2026-03-22T01:21:35
5,74646,1493,4.6,335.6,2026-03-22T01:21:35
5,74717,1494,4.64,337.7,2026-03-22T01:21:36
5,74784,1495,4.68,339.8,2026-03-22T01:21:36
5,74896,1496,4.72,341.2,2026-03-22T01:21:37
5,74940,1497,4.74,342.3,2026-03-22T01:21:37
5,74993,1498,4.72,342.0,2026-03-22T01:21:37
5,75032,1499,4.72,341.3,2026-03-22T01:21:40
5,75087,1500,4.66,339.2,2026-03-22T01:21:40
5,75158,1501,4.68,339.6,2026-03-22T01:21:41
5,75190,1502,4.56,335.5,2026-03-22T01:21:41
5,75260,1503,4.52,333.8,2026-03-22T01:21:42
5,75365,1504,4.56,334.6,2026-03-22T01:21:42
5,75436,1505,4.58,335.4,2026-03-22T01:21:43
5,75509,1506,4.54,334.6,2026-03-22T01:21:43
5,75581,1507,4.52,333.8,2026-03-22T01:21:43
5,75649,1508,4.54,334.5,2026-03-22T01:21:44
5,75726,1509,4.58,336.3,2026-03-22T01:21:44
5,75787,1510,4.58,336.1,2026-03-22T01:21:45
5,75869,1511,4.64,338.8,2026-03-22T01:21:45
5,75920,1512,4.6,337.2,2026-03-22T01:21:46
5,76031,1513,4.76,343.8,2026-03-22T01:21:46
5,76096,1514,4.72,342.4,2026-03-22T01:21:47
5,76192,1515,4.72,342.0,2026-03-22T01:21:47
5,76310,1516,4.84,347.4,2026-03-22T01:21:48
5,76340,1517,4.78,345.1,2026-03-22T01:21:48
5,76402,1518,4.8,345.8,2026-03-22T01:21:49
5,76473,1519,4.76,344.1,2026-03-22T01:21:49
5,76558,1520,4.8,345.7,2026-03-22T01:21:50
5,76613,1521,4.8,345.4,2026-03-22T01:21:50
5,76701,1522,4.82,346.5,2026-03-22T01:21:51
5,76747,1523,4.84,346.6,2026-03-22T01:21:51
5,76825,1524,4.88,348.1,2026-03-22T01:21:51
5,76887,1525,4.9,349.5,2026-03-22T01:21:52
5,76947,1526,4.96,351.3,2026-03-22T01:21:52
5,77011,1527,5.0,353.0,2026-03-22T01:21:52
5,77070,1528,4.84,347.3,2026-03-22T01:21:53
5,77129,1529,4.88,348.1,2026-03-22T01:21:53
5,77190,1530,4.84,346.3,2026-03-22T01:21:54
5,77238,1531,4.78,344.8,2026-03-22T01:21:54
5,77311,1532,4.78,345.0,2026-03-22T01:21:54
5,77379,1533,4.74,344.0,2026-03-22T01:21:55
5,77454,1534,4.76,344.3,2026-03-22T01:21:55
5,77555,1535,4.76,343.7,2026-03-22T01:21:56
5,77662,1536,4.82,346.0,2026-03-22T01:21:56
5,77696,1537,4.84,346.6,2026-03-22T01:21:57
5,77764,1538,4.86,346.7,2026-03-22T01:21:57
5,77908,1539,5.1,353.2,2026-03-22T01:21:58
5,78013,1540,5.04,353.3,2026-03-22T01:21:59
5,78043,1541,4.9,346.8,2026-03-22T01:21:59
5,78096,1542,4.9,347.6,2026-03-22T01:21:59
5,78144,1543,4.92,348.0,2026-03-22T01:21:59
5,78246,1544,4.96,350.7,2026-03-22T01:22:00
5,78366,1545,5.1,355.0,2026-03-22T01:22:01
5,78410,1546,4.96,349.8,2026-03-22T01:22:01
5,78485,1547,5.04,352.2,2026-03-22T01:22:02
5,78592,1548,5.14,356.5,2026-03-22T01:22:02
5,78635,1549,5.14,356.9,2026-03-22T01:22:02
5,78707,1550,5.2,358.3,2026-03-22T01:22:03
5,78797,1551,5.24,359.7,2026-03-22T01:22:03
5,78827,1552,5.24,359.4,2026-03-22T01:22:04
5,78924,1553,5.28,361.6,2026-03-22T01:22:04
5,78992,1554,5.22,359.0,2026-03-22T01:22:05
5,79033,1555,5.16,356.6,2026-03-22T01:22:05
5,79109,1556,5.16,356.6,2026-03-22T01:22:05
5,79156,1557,5.1,354.3,2026-03-22T01:22:06
5,79251,1558,5.14,356.8,2026-03-22T01:22:06
5,79309,1559,5.12,355.7,2026-03-22T01:22:07
5,79392,1560,5.14,357.9,2026-03-22T01:22:07
5,79478,1561,5.16,358.3,2026-03-22T01:22:08
5,79501,1562,5.1,356.1,2026-03-22T01:22:08
5,79577,1563,5.02,353.3,2026-03-22T01:22:08
5,79616,1564,4.98,351.1,2026-03-22T01:22:09
5,79752,1565,5.06,354.4,2026-03-22T01:22:09
5,79823,1566,4.98,350.9,2026-03-22T01:22:10
5,79892,1567,5.06,354.5,2026-03-22T01:22:10
5,79992,1568,5.12,357.2,2026-03-22T01:22:11
5,80063,1569,5.12,357.6,2026-03-22T01:22:11
5,80208,1570,5.28,362.1,2026-03-22T01:22:12
5,80240,1571,5.22,360.2,2026-03-22T01:22:12
5,80328,1572,5.2,359.9,2026-03-22T01:22:13
5,80391,1573,5.22,361.6,2026-03-22T01:22:13
5,80512,1574,5.28,365.5,2026-03-22T01:22:14
5,80558,1575,5.26,364.1,2026-03-22T01:22:14
5,80621,1576,5.26,364.7,2026-03-22T01:22:15
5,80698,1577,5.28,366.1,2026-03-22T01:22:15
5,80744,1578,5.26,364.9,2026-03-22T01:22:15
5,80790,1579,5.24,363.7,2026-03-22T01:22:16
5,80873,1580,5.3,365.3,2026-03-22T01:22:16
5,80957,1581,5.38,368.4,2026-03-22T01:22:17
5,81011,1582,5.36,367.0,2026-03-22T01:22:17
5,81060,1583,5.32,365.4,2026-03-22T01:22:17
5,81117,1584,5.28,363.6,2026-03-22T01:22:18
5,81181,1585,5.22,360.8,2026-03-22T01:22:18
5,81334,1586,5.38,364.3,2026-03-22T01:22:19
5,81425,1587,5.5,369.0,2026-03-22T01:22:20
5,81485,1588,5.48,368.6,2026-03-22T01:22:20
5,81531,1589,5.24,361.3,2026-03-22T01:22:20
5,81584,1590,5.14,357.0,2026-03-22T01:22:21
5,81667,1591,5.24,361.4,2026-03-22T01:22:21
5,81729,1592,5.28,361.7,2026-03-22T01:22:22
5,81786,1593,5.3,362.3,2026-03-22T01:22:22
5,81821,1594,5.2,356.7,2026-03-22T01:22:22
5,81907,1595,5.1,353.7,2026-03-22T01:22:23
5,82016,1596,5.22,358.9,2026-03-22T01:22:23
5,82094,1597,5.22,359.2,2026-03-22T01:22:24
5,82173,1598,5.18,357.3,2026-03-22T01:22:24
5,82244,1599,5.24,359.5,2026-03-22T01:22:25
5,82370,1600,5.34,363.7,2026-03-22T01:22:26
5,82452,1601,5.34,363.2,2026-03-22T01:22:26
5,82528,1602,5.44,366.9,2026-03-22T01:22:26
5,82572,1603,5.36,362.5,2026-03-22T01:22:27
5,82648,1604,5.38,362.6,2026-03-22T01:22:27
5,82703,1605,5.4,363.7,2026-03-22T01:22:28
5,82746,1606,5.34,361.4,2026-03-22T01:22:28
5,82815,1607,5.4,363.1,2026-03-22T01:22:28
5,82874,1608,5.32,359.6,2026-03-22T01:22:29
5,82981,1609,5.46,363.4,2026-03-22T01:22:29
5,83097,1610,5.54,365.5,2026-03-22T01:22:30
5,83136,1611,5.44,361.9,2026-03-22T01:22:30
5,83222,1612,5.56,366.8,2026-03-22T01:22:31
5,83292,1613,5.56,366.3,2026-03-22T01:22:31
5,83331,1614,5.56,366.5,2026-03-22T01:22:31
5,83404,1615,5.44,361.6,2026-03-22T01:22:32
5,83480,1616,5.44,362.3,2026-03-22T01:22:32
5,83503,1617,5.34,358.4,2026-03-22T01:22:33
5,83599,1618,5.34,358.4,2026-03-22T01:22:33
5,83684,1619,5.36,359.4,2026-03-22T01:22:34
5,83808,1620,5.24,358.2,2026-03-22T01:22:34
5,83829,1621,5.22,357.2,2026-03-22T01:22:35
5,83877,1622,5.16,354.2,2026-03-22T01:22:35
5,83945,1623,5.18,354.5,2026-03-22T01:22:35
5,84031,1624,5.14,351.3,2026-03-22T01:22:36
5,84091,1625,5.16,352.9,2026-03-22T01:22:36
5,84171,1626,5.2,354.3,2026-03-22T01:22:37
5,84231,1627,5.18,353.0,2026-03-22T01:22:37
5,84335,1628,5.28,357.7,2026-03-22T01:22:38
5,84462,1629,5.4,364.4,2026-03-22T01:22:38
5,84511,1630,5.32,361.7,2026-03-22T01:22:39
5,84584,1631,5.3,360.6,2026-03-22T01:22:39
5,84623,1632,5.26,359.3,2026-03-22T01:22:39
5,84713,1633,5.36,362.6,2026-03-22T01:22:40
5,84848,1634,5.52,369.3,2026-03-22T01:22:41
5,84933,1635,5.54,371.3,2026-03-22T01:22:41
5,84997,1636,5.3,364.1,2026-03-22T01:22:42
5,85095,1637,5.32,364.4,2026-03-22T01:22:42
5,85161,1638,5.34,364.8,2026-03-22T01:22:43
5,85231,1639,5.36,366.6,2026-03-22T01:22:43
5,85316,1640,5.42,369.3,2026-03-22T01:22:44
5,85407,1641,5.44,369.7,2026-03-22T01:22:44
5,85485,1642,5.46,371.2,2026-03-22T01:22:45
5,85599,1643,5.6,375.8,2026-03-22T01:22:45
5,85694,1644,5.7,380.7,2026-03-22T01:22:46
5,85777,1645,5.7,380.8,2026-03-22T01:22:46
5,85871,1646,5.68,379.4,2026-03-22T01:22:47
5,85943,1647,5.66,378.5,2026-03-22T01:22:47
5,86045,1648,5.7,379.9,2026-03-22T01:22:48
5,86155,1649,5.82,382.9,2026-03-22T01:22:49
5,86216,1650,5.68,378.2,2026-03-22T01:22:49
5,86255,1651,5.58,374.7,2026-03-22T01:22:49
5,86370,1652,5.7,377.7,2026-03-22T01:22:50
5,86402,1653,5.66,376.7,2026-03-22T01:22:50
5,86489,1654,5.68,377.7,2026-03-22T01:22:51
5,86574,1655,5.76,380.1,2026-03-22T01:22:51
5,86597,1656,5.72,378.2,2026-03-22T01:22:51
5,86670,1657,5.72,379.0,2026-03-22T01:22:52
5,86802,1658,5.86,384.9,2026-03-22T01:22:53
5,86855,1659,5.7,380.6,2026-03-22T01:22:53
5,86945,1660,5.66,378.8,2026-03-22T01:22:54
5,87040,1661,5.78,383.3,2026-03-22T01:22:54
5,87124,1662,5.78,383.1,2026-03-22T01:22:55
5,87200,1663,5.8,383.2,2026-03-22T01:22:55
5,87299,1664,5.9,388.1,2026-03-22T01:22:56
5,87347,1665,5.86,386.0,2026-03-22T01:22:56
5,87418,1666,5.86,385.1,2026-03-22T01:22:56
5,87473,1667,5.94,387.8,2026-03-22T01:22:57
5,87538,1668,5.9,384.9,2026-03-22T01:22:57
5,87619,1669,5.9,384.4,2026-03-22T01:22:58
5,87759,1670,6.08,385.0,2026-03-22T01:22:58
5,87841,1671,6.22,389.6,2026-03-22T01:22:59
5,87902,1672,6.24,390.4,2026-03-22T01:22:59
5,87961,1673,6.22,389.9,2026-03-22T01:23:00
5,88016,1674,6.16,387.7,2026-03-22T01:23:00
5,88057,1675,6.12,386.3,2026-03-22T01:23:00
5,88139,1676,6.12,386.5,2026-03-22T01:23:01
5,88237,1677,6.2,389.5,2026-03-22T01:23:02
5,88321,1678,6.16,387.7,2026-03-22T01:23:02
5,88351,1679,6.0,379.5,2026-03-22T01:23:02
5,88419,1680,6.04,381.1,2026-03-22T01:23:03
5,88474,1681,6.0,379.6,2026-03-22T01:23:03
5,88560,1682,6.1,383.2,2026-03-22T01:23:04
5,88636,1683,6.06,381.6,2026-03-22T01:23:04
5,88718,1684,5.94,376.9,2026-03-22T01:23:04
5,88759,1685,5.86,373.1,2026-03-22T01:23:05
5,88809,1686,5.82,372.4,2026-03-22T01:23:05
5,88861,1687,5.72,368.8,2026-03-22T01:23:05
5,88953,1688,5.78,370.9,2026-03-22T01:23:06
5,89037,1689,5.84,371.6,2026-03-22T01:23:07
5,89113,1690,5.84,371.0,2026-03-22T01:23:07
5,89179,1691,5.78,369.5,2026-03-22T01:23:08
5,89218,1692,5.7,366.7,2026-03-22T01:23:08
5,89261,1693,5.52,361.2,2026-03-22T01:23:08
5,89357,1694,5.54,361.4,2026-03-22T01:23:09
5,89444,1695,5.54,361.7,2026-03-22T01:23:09
5,89483,1696,5.44,357.5,2026-03-22T01:23:09
5,89597,1697,5.52,361.3,2026-03-22T01:23:10
5,89666,1698,5.46,359.1,2026-03-22T01:23:11
5,89717,1699,5.3,354.6,2026-03-22T01:23:11
5,89813,1700,5.42,357.2,2026-03-22T01:23:12
5,89889,1701,5.48,360.5,2026-03-22T01:23:12
5,89974,1702,5.36,358.5,2026-03-22T01:23:13
5,89999,1703,5.34,357.9,2026-03-22T01:23:13
5,90038,1704,5.24,353.9,2026-03-22T01:23:13
5,90121,1705,5.22,353.6,2026-03-22T01:23:14
5,90249,1706,5.46,362.2,2026-03-22T01:23:14
5,90332,1707,5.48,363.0,2026-03-22T01:23:15
5,90439,1708,5.52,361.3,2026-03-22T01:23:15
5,90499,1709,5.54,361.7,2026-03-22T01:23:16
5,90550,1710,5.46,358.7,2026-03-22T01:23:16
5,90621,1711,5.4,356.7,2026-03-22T01:23:17
5,90727,1712,5.44,358.5,2026-03-22T01:23:17
5,90826,1713,5.5,360.4,2026-03-22T01:23:18
5,90869,1714,5.4,355.9,2026-03-22T01:23:18
5,90917,1715,5.4,355.8,2026-03-22T01:23:18
5,91016,1716,5.44,358.2,2026-03-22T01:23:19
5,91098,1717,5.48,360.0,2026-03-22T01:23:20
5,91202,1718,5.54,363.6,2026-03-22T01:23:20
5,91232,1719,5.44,360.0,2026-03-22T01:23:20
5,91280,1720,5.12,352.8,2026-03-22T01:23:21
5,91396,1721,5.26,355.8,2026-03-22T01:23:22
5,91493,1722,5.34,358.8,2026-03-22T01:23:22
5,91575,1723,5.38,360.6,2026-03-22T01:23:23
5,91623,1724,5.36,360.2,2026-03-22T01:23:23
5,91693,1725,5.42,362.5,2026-03-22T01:23:23
5,91764,1726,5.4,361.5,2026-03-22T01:23:24
5,91803,1727,5.28,356.4,2026-03-22T01:23:24
5,91926,1728,5.36,359.4,2026-03-22T01:23:25
5,91987,1729,5.42,362.1,2026-03-22T01:23:25
5,92100,1730,5.5,365.8,2026-03-22T01:23:26
5,92175,1731,5.54,367.4,2026-03-22T01:23:26
5,92230,1732,5.46,365.1,2026-03-22T01:23:27
5,92341,1733,5.52,368.2,2026-03-22T01:23:27
5,92396,1734,5.46,366.5,2026-03-22T01:23:28
5,92467,1735,5.52,368.9,2026-03-22T01:23:28
5,92585,1736,5.66,373.9,2026-03-22T01:23:29
5,92626,1737,5.64,373.2,2026-03-22T01:23:29
5,92709,1738,5.58,372.5,2026-03-22T01:23:30
5,92794,1739,5.56,373.1,2026-03-22T01:23:30
5,92849,1740,5.5,370.9,2026-03-22T01:23:30
5,92917,1741,5.5,370.8,2026-03-22T01:23:31
5,92992,1742,5.56,373.1,2026-03-22T01:23:31
5,93033,1743,5.56,372.6,2026-03-22T01:23:32
5,93088,1744,5.46,368.9,2026-03-22T01:23:32
5,93159,1745,5.44,367.3,2026-03-22T01:23:32
5,93285,1746,5.66,374.3,2026-03-22T01:23:33
5,93371,1747,5.6,371.9,2026-03-22T01:23:34
5,93447,1748,5.62,372.1,2026-03-22T01:23:34
5,93534,1749,5.68,375.1,2026-03-22T01:23:35
5,93595,1750,5.56,372.3,2026-03-22T01:23:35
5,93695,1751,5.62,374.3,2026-03-22T01:23:36
5,93835,1752,5.78,378.6,2026-03-22T01:23:37
5,93944,1753,5.94,385.4,2026-03-22T01:23:37
5,94035,1754,6.06,389.7,2026-03-22T01:23:38
5,94142,1755,6.18,391.8,2026-03-22T01:23:38
5,94216,1756,6.06,387.4,2026-03-22T01:23:39
5,94309,1757,6.1,388.0,2026-03-22T01:23:39
5,94408,1758,6.02,387.2,2026-03-22T01:23:40
5,94465,1759,6.02,386.7,2026-03-22T01:23:40
5,94536,1760,6.06,388.2,2026-03-22T01:23:41
5,94648,1761,6.14,391.7,2026-03-22T01:23:42
5,94765,1762,6.3,392.6,2026-03-22T01:23:42
5,94845,1763,6.24,391.0,2026-03-22T01:23:43
5,94930,1764,6.32,394.5,2026-03-22T01:23:43
5,95014,1765,6.4,397.7,2026-03-22T01:23:44
5,95044,1766,6.28,392.2,2026-03-22T01:23:44
5,95142,1767,6.3,393.4,2026-03-22T01:23:45
5,95186,1768,6.2,388.5,2026-03-22T01:23:45
5,95266,1769,6.3,392.5,2026-03-22T01:23:45
5,95360,1770,6.44,396.3,2026-03-22T01:23:46
5,95457,1771,6.3,394.6,2026-03-22T01:23:46
5,95496,1772,6.18,389.8,2026-03-22T01:23:47
5,95576,1773,6.18,389.4,2026-03-22T01:23:47
5,95649,1774,6.24,391.2,2026-03-22T01:23:48
5,95723,1775,6.26,391.0,2026-03-22T01:23:48
5,95773,1776,6.22,389.3,2026-03-22T01:23:48
5,95881,1777,6.42,394.9,2026-03-22T01:23:49
5,95984,1778,6.44,393.7,2026-03-22T01:23:50
5,96072,1779,6.5,395.8,2026-03-22T01:23:50
5,96148,1780,6.44,392.7,2026-03-22T01:23:51
5,96248,1781,6.52,394.5,2026-03-22T01:23:51
5,96362,1782,6.64,399.2,2026-03-22T01:23:52
5,96464,1783,6.62,398.6,2026-03-22T01:23:53
5,96544,1784,6.66,400.5,2026-03-22T01:23:53
5,96614,1785,6.66,400.2,2026-03-22T01:23:53
5,96676,1786,6.56,396.0,2026-03-22T01:23:54
5,96819,1787,6.82,403.6,2026-03-22T01:23:55
5,96911,1788,6.88,404.3,2026-03-22T01:23:55
5,97038,1789,6.98,407.1,2026-03-22T01:23:56
5,97097,1790,7.0,407.5,2026-03-22T01:23:56
5,97184,1791,7.06,408.9,2026-03-22T01:23:57
5,97259,1792,7.06,409.2,2026-03-22T01:23:57
5,97315,1793,7.08,410.7,2026-03-22T01:23:58
5,97375,1794,7.1,411.6,2026-03-22T01:23:58
5,97438,1795,7.08,410.9,2026-03-22T01:23:58
5,97488,1796,6.88,404.8,2026-03-22T01:23:59
5,97592,1797,6.94,406.2,2026-03-22T01:23:59
5,97667,1798,6.94,406.4,2026-03-22T01:24:00
5,97749,1799,6.94,405.8,2026-03-22T01:24:00
5,97793,1800,6.9,404.5,2026-03-22T01:24:01
5,97861,1801,6.84,401.9,2026-03-22T01:24:01
5,97960,1802,6.72,398.4,2026-03-22T01:24:02
5,98062,1803,6.7,398.2,2026-03-22T01:24:03
5,98209,1804,6.82,402.5,2026-03-22T01:24:03
5,98257,1805,6.64,398.2,2026-03-22T01:24:04
5,98377,1806,6.84,402.1,2026-03-22T01:24:04
5,98431,1807,6.74,398.8,2026-03-22T01:24:05
5,98576,1808,6.88,402.4,2026-03-22T01:24:06
5,98705,1809,6.98,408.5,2026-03-22T01:24:07
5,98772,1810,6.98,408.1,2026-03-22T01:24:07
5,98872,1811,6.94,406.8,2026-03-22T01:24:08
5,98930,1812,6.68,402.2,2026-03-22T01:24:08
5,99022,1813,6.72,403.2,2026-03-22T01:24:09
5,99097,1814,6.7,402.0,2026-03-22T01:24:09
5,99147,1815,6.62,399.1,2026-03-22T01:24:09
5,99199,1816,6.66,400.9,2026-03-22T01:24:10
5,99325,1817,6.7,403.6,2026-03-22T01:24:11
5,99435,1818,6.86,408.7,2026-03-22T01:24:11
5,99503,1819,6.84,407.3,2026-03-22T01:24:12
5,99535,1820,6.68,402.1,2026-03-22T01:24:12
5,99597,1821,6.62,399.1,2026-03-22T01:24:12
5,99640,1822,6.62,399.8,2026-03-22T01:24:13
5,99698,1823,6.58,397.9,2026-03-22T01:24:13
5,99766,1824,6.56,397.5,2026-03-22T01:24:13
5,99823,1825,6.52,396.6,2026-03-22T01:24:14
5,99891,1826,6.54,398.1,2026-03-22T01:24:14
5,99941,1827,6.36,393.4,2026-03-22T01:24:15
5,100052,1828,6.32,393.8,2026-03-22T01:24:18
5,100189,1829,6.46,397.9,2026-03-22T01:24:19
5,100270,1830,6.46,398.2,2026-03-22T01:24:19
5,100350,1831,6.4,396.8,2026-03-22T01:24:20
5,100420,1832,6.32,392.9,2026-03-22T01:24:20
5,100481,1833,6.24,389.3,2026-03-22T01:24:21
5,100602,1834,6.44,392.5,2026-03-22T01:24:22
5,100675,1835,6.44,392.9,2026-03-22T01:24:22
5,100760,1836,6.48,394.7,2026-03-22T01:24:23
5,100859,1837,6.4,391.6,2026-03-22T01:24:23
5,100908,1838,6.3,388.2,2026-03-22T01:24:24
5,100978,1839,6.18,383.9,2026-03-22T01:24:24
5,101147,1840,6.44,392.9,2026-03-22T01:24:25
5,101222,1841,6.42,392.1,2026-03-22T01:24:25
5,101330,1842,6.48,394.9,2026-03-22T01:24:26
5,101460,1843,6.64,400.7,2026-03-22T01:24:27
5,101551,1844,6.7,403.1,2026-03-22T01:24:27
5,101645,1845,6.76,405.8,2026-03-22T01:24:28
5,101749,1846,6.86,410.1,2026-03-22T01:24:29
5,101845,1847,6.82,409.2,2026-03-22T01:24:29
5,101969,1848,6.96,412.7,2026-03-22T01:24:30
5,102044,1849,6.94,412.1,2026-03-22T01:24:30
5,102153,1850,7.18,417.5,2026-03-22T01:24:31
5,102228,1851,7.2,417.7,2026-03-22T01:24:32
5,102315,1852,7.18,416.9,2026-03-22T01:24:32
5,102391,1853,7.14,414.5,2026-03-22T01:24:33
5,102462,1854,6.96,408.7,2026-03-22T01:24:33
5,102558,1855,7.04,412.1,2026-03-22T01:24:34
5,102639,1856,6.84,409.1,2026-03-22T01:24:34
5,102689,1857,6.84,408.7,2026-03-22T01:24:34
5,102782,1858,6.68,404.8,2026-03-22T01:24:35
5,102883,1859,6.64,402.7,2026-03-22T01:24:36
5,102949,1860,6.62,402.8,2026-03-22T01:24:36
5,103109,1861,6.88,407.8,2026-03-22T01:24:37
5,103194,1862,6.96,409.9,2026-03-22T01:24:38
5,103229,1863,6.82,405.6,2026-03-22T01:24:38
5,103299,1864,6.82,405.3,2026-03-22T01:24:38
5,103417,1865,6.94,410.9,2026-03-22T01:24:39
5,103518,1866,7.06,414.9,2026-03-22T01:24:40
5,103612,1867,7.02,412.3,2026-03-22T01:24:40
5,103711,1868,6.98,411.4,2026-03-22T01:24:41
5,103809,1869,7.02,413.7,2026-03-22T01:24:41
5,103881,1870,7.1,416.9,2026-03-22T01:24:42
5,103958,1871,7.14,418.3,2026-03-22T01:24:42
5,104014,1872,7.16,419.5,2026-03-22T01:24:43
5,104130,1873,7.28,424.5,2026-03-22T01:24:43
5,104208,1874,7.32,425.0,2026-03-22T01:24:44
5,104307,1875,7.4,428.5,2026-03-22T01:24:44
5,104452,1876,7.56,434.4,2026-03-22T01:24:45
5,104554,1877,7.66,438.6,2026-03-22T01:24:46
5,104671,1878,7.68,439.4,2026-03-22T01:24:47
5,104747,1879,7.52,434.2,2026-03-22T01:24:47
5,104859,1880,7.64,437.1,2026-03-22T01:24:48
5,104941,1881,7.66,437.4,2026-03-22T01:24:48
5,105008,1882,7.64,437.1,2026-03-22T01:24:49
5,105092,1883,7.68,438.9,2026-03-22T01:24:49
5,105167,1884,7.5,435.4,2026-03-22T01:24:50
5,105241,1885,7.5,435.3,2026-03-22T01:24:50
5,105328,1886,7.54,435.2,2026-03-22T01:24:51
5,105435,1887,7.5,435.4,2026-03-22T01:24:51
5,105518,1888,7.56,437.8,2026-03-22T01:24:52
5,105584,1889,7.56,437.6,2026-03-22T01:24:52
5,105696,1890,7.46,432.8,2026-03-22T01:24:53
5,105802,1891,7.52,435.2,2026-03-22T01:24:54
5,105874,1892,7.44,432.3,2026-03-22T01:24:54
5,105951,1893,7.34,428.0,2026-03-22T01:24:55
5,106062,1894,7.44,429.4,2026-03-22T01:24:55
5,106234,1895,7.6,435.8,2026-03-22T01:24:56
5,106335,1896,7.6,435.4,2026-03-22T01:24:57
5,106398,1897,7.54,433.0,2026-03-22T01:24:57
5,106494,1898,7.48,431.3,2026-03-22T01:24:58
5,106544,1899,7.44,429.4,2026-03-22T01:24:58
5,106638,1900,7.32,427.9,2026-03-22T01:24:59
5,106767,1901,7.46,432.6,2026-03-22T01:25:00
5,106879,1902,7.56,434.8,2026-03-22T01:25:00
5,106965,1903,7.6,435.4,2026-03-22T01:25:01
5,107099,1904,7.7,440.3,2026-03-22T01:25:02
5,107177,1905,7.68,438.9,2026-03-22T01:25:02
5,107274,1906,7.7,439.8,2026-03-22T01:25:03
5,107375,1907,7.8,444.0,2026-03-22T01:25:03
5,107505,1908,7.88,446.6,2026-03-22T01:25:04
5,107592,1909,7.88,445.6,2026-03-22T01:25:05
5,107719,1910,8.0,450.4,2026-03-22T01:25:05
5,107859,1911,7.82,448.4,2026-03-22T01:25:06
5,107988,1912,7.92,451.9,2026-03-22T01:25:07
5,108091,1913,8.12,457.3,2026-03-22T01:25:08
5,108216,1914,8.24,462.0,2026-03-22T01:25:08
5,108306,1915,8.2,459.4,2026-03-22T01:25:09
5,108392,1916,8.16,458.2,2026-03-22T01:25:09
5,108541,1917,8.32,462.3,2026-03-22T01:25:10
5,108657,1918,8.34,463.9,2026-03-22T01:25:11
5,108739,1919,8.34,463.0,2026-03-22T01:25:12
5,108842,1920,8.46,465.6,2026-03-22T01:25:12
5,108863,1921,8.34,461.2,2026-03-22T01:25:12
5,108932,1922,8.38,462.2,2026-03-22T01:25:13
5,109035,1923,8.34,461.2,2026-03-22T01:25:13
5,109081,1924,8.26,458.8,2026-03-22T01:25:14
5,109215,1925,8.32,461.3,2026-03-22T01:25:15
5,109330,1926,8.26,459.2,2026-03-22T01:25:15
5,109404,1927,8.2,457.3,2026-03-22T01:25:16
5,109479,1928,8.1,453.5,2026-03-22T01:25:16
5,109551,1929,8.08,453.4,2026-03-22T01:25:17
5,109601,1930,7.9,448.2,2026-03-22T01:25:17
5,109666,1931,7.84,446.9,2026-03-22T01:25:17
5,109766,1932,7.92,449.7,2026-03-22T01:25:18
5,109892,1933,8.0,453.4,2026-03-22T01:25:19
5,109991,1934,8.02,455.0,2026-03-22T01:25:20
5,110088,1935,8.08,456.9,2026-03-22T01:25:20
5,110188,1936,8.06,458.1,2026-03-22T01:25:21
5,110284,1937,8.08,457.7,2026-03-22T01:25:21
5,110362,1938,8.08,457.7,2026-03-22T01:25:22
5,110510,1939,8.3,464.3,2026-03-22T01:25:23
5,110637,1940,8.28,465.4,2026-03-22T01:25:24
5,110752,1941,8.36,466.2,2026-03-22T01:25:24
5,110897,1942,8.52,471.9,2026-03-22T01:25:25
5,111039,1943,8.7,477.4,2026-03-22T01:25:26
5,111125,1944,8.6,475.4,2026-03-22T01:25:27
5,111296,1945,8.7,474.9,2026-03-22T01:25:28
5,111426,1946,8.74,477.4,2026-03-22T01:25:28
5,111579,1947,9.0,484.4,2026-03-22T01:25:29
5,111688,1948,9.04,485.1,2026-03-22T01:25:30
5,111847,1949,9.28,493.7,2026-03-22T01:25:31
5,111957,1950,9.32,495.3,2026-03-22T01:25:32
5,112060,1951,9.28,492.8,2026-03-22T01:25:32
5,112106,1952,9.1,487.0,2026-03-22T01:25:33
5,112227,1953,9.22,490.0,2026-03-22T01:25:33
5,112295,1954,9.12,485.1,2026-03-22T01:25:34
5,112363,1955,9.1,484.0,2026-03-22T01:25:34
5,112475,1956,9.14,485.5,2026-03-22T01:25:35
5,112561,1957,9.12,484.2,2026-03-22T01:25:36
5,112619,1958,8.98,478.4,2026-03-22T01:25:36
5,112727,1959,9.08,479.9,2026-03-22T01:25:37
5,112851,1960,9.1,479.5,2026-03-22T01:25:37
5,112902,1961,8.94,472.7,2026-03-22T01:25:38
5,112996,1962,8.86,470.1,2026-03-22T01:25:38
5,113090,1963,8.78,469.1,2026-03-22T01:25:39
5,113187,1964,8.7,466.8,2026-03-22T01:25:39
5,113297,1965,8.74,468.4,2026-03-22T01:25:40
5,113366,1966,8.7,467.1,2026-03-22T01:25:41
5,113505,1967,8.76,466.4,2026-03-22T01:25:41
5,113646,1968,8.82,468.0,2026-03-22T01:25:42
5,113806,1969,8.94,474.4,2026-03-22T01:25:43
5,113871,1970,8.82,471.4,2026-03-22T01:25:44
5,113958,1971,8.94,476.3,2026-03-22T01:25:44
5,114082,1972,9.06,480.3,2026-03-22T01:25:45
5,114140,1973,8.98,476.8,2026-03-22T01:25:45
5,114231,1974,9.14,480.4,2026-03-22T01:25:46
5,114318,1975,9.06,476.4,2026-03-22T01:25:46
5,114384,1976,8.96,472.1,2026-03-22T01:25:47
5,114484,1977,9.08,474.0,2026-03-22T01:25:47
5,114582,1978,9.18,475.8,2026-03-22T01:25:48
5,114670,1979,9.22,477.1,2026-03-22T01:25:49
5,114743,1980,9.28,478.9,2026-03-22T01:25:49
5,114853,1981,9.42,482.5,2026-03-22T01:25:50
5,114933,1982,9.38,480.7,2026-03-22T01:25:50
5,114994,1983,9.26,475.3,2026-03-22T01:25:51
5,115072,1984,9.24,473.7,2026-03-22T01:25:51
5,115197,1985,9.26,475.8,2026-03-22T01:25:52
5,115274,1986,9.2,474.2,2026-03-22T01:25:52
5,115348,1987,9.1,472.1,2026-03-22T01:25:53
5,115433,1988,9.1,472.5,2026-03-22T01:25:54
5,115525,1989,8.92,467.8,2026-03-22T01:25:54
5,115650,1990,8.92,468.0,2026-03-22T01:25:55
5,115759,1991,8.9,467.5,2026-03-22T01:25:56
5,115896,1992,8.9,466.6,2026-03-22T01:25:56
5,116027,1993,8.86,465.7,2026-03-22T01:25:57
5,116123,1994,8.92,466.4,2026-03-22T01:25:58
5,116246,1995,8.74,463.1,2026-03-22T01:25:59
5,116297,1996,8.6,456.7,2026-03-22T01:25:59
5,116354,1997,8.34,448.9,2026-03-22T01:25:59
5,116489,1998,8.34,450.8,2026-03-22T01:26:00
5,116628,1999,8.26,449.4,2026-03-22T01:26:01
5,116714,2000,8.2,447.4,2026-03-22T01:26:02
5,116823,2001,8.16,448.0,2026-03-22T01:26:02
5,116943,2002,8.42,454.0,2026-03-22T01:26:03
5,117054,2003,8.34,453.5,2026-03-22T01:26:04
5,117168,2004,8.48,457.0,2026-03-22T01:26:04
5,117250,2005,8.5,458.5,2026-03-22T01:26:05
5,117344,2006,8.48,457.1,2026-03-22T01:26:05
5,117467,2007,8.64,460.1,2026-03-22T01:26:06
5,117596,2008,8.76,465.8,2026-03-22T01:26:07
5,117659,2009,8.6,462.0,2026-03-22T01:26:07
5,117751,2010,8.52,459.3,2026-03-22T01:26:08
5,117862,2011,8.64,464.1,2026-03-22T01:26:09
5,117960,2012,8.62,464.5,2026-03-22T01:26:09
5,118063,2013,8.62,465.6,2026-03-22T01:26:10
5,118151,2014,8.62,464.6,2026-03-22T01:26:10
5,118258,2015,8.72,464.5,2026-03-22T01:26:11
5,118362,2016,8.78,467.2,2026-03-22T01:26:12
5,118464,2017,8.58,464.3,2026-03-22T01:26:12
5,118603,2018,8.56,464.5,2026-03-22T01:26:13
5,118697,2019,8.46,459.2,2026-03-22T01:26:14
5,118810,2020,8.58,463.4,2026-03-22T01:26:14
5,118928,2021,8.72,466.4,2026-03-22T01:26:15
5,119001,2022,8.6,462.5,2026-03-22T01:26:16
5,119080,2023,8.64,464.1,2026-03-22T01:26:16
5,119206,2024,8.64,467.1,2026-03-22T01:26:17
5,119317,2025,8.68,469.2,2026-03-22T01:26:17
5,119384,2026,8.7,469.5,2026-03-22T01:26:18
5,119513,2027,8.74,471.7,2026-03-22T01:26:19
5,119619,2028,8.7,472.4,2026-03-22T01:26:19
5,119701,2029,8.68,472.1,2026-03-22T01:26:20
5,119738,2030,8.6,469.2,2026-03-22T01:26:20
5,119826,2031,8.5,467.1,2026-03-22T01:26:21
5,119921,2032,8.58,468.8,2026-03-22T01:26:21
5,120032,2033,8.68,472.5,2026-03-22T01:26:22
5,120113,2034,8.68,473.1,2026-03-22T01:26:22
5,120212,2035,8.66,471.2,2026-03-22T01:26:23
5,120274,2036,8.66,469.7,2026-03-22T01:26:23
5,120394,2037,8.76,473.4,2026-03-22T01:26:24
5,120487,2038,8.8,474.1,2026-03-22T01:26:25
5,120567,2039,8.78,473.4,2026-03-22T01:26:25
5,120660,2040,8.72,471.1,2026-03-22T01:26:26
5,120718,2041,8.56,467.2,2026-03-22T01:26:26
5,120814,2042,8.48,464.0,2026-03-22T01:26:27
5,120992,2043,8.7,467.4,2026-03-22T01:26:28
5,121045,2044,8.56,464.2,2026-03-22T01:26:28
5,121177,2045,8.56,464.7,2026-03-22T01:26:29
5,121295,2046,8.68,469.9,2026-03-22T01:26:30
5,121358,2047,8.68,470.9,2026-03-22T01:26:30
5,121490,2048,8.66,471.1,2026-03-22T01:26:31
5,121653,2049,8.84,472.6,2026-03-22T01:26:32
5,121747,2050,8.94,473.4,2026-03-22T01:26:33
5,121843,2051,8.92,472.1,2026-03-22T01:26:33
5,121921,2052,8.72,469.1,2026-03-22T01:26:34
5,122017,2053,8.7,467.7,2026-03-22T01:26:34
5,122050,2054,8.5,461.3,2026-03-22T01:26:35
5,122138,2055,8.52,461.5,2026-03-22T01:26:35
5,122235,2056,8.52,461.7,2026-03-22T01:26:36
5,122334,2057,8.38,459.9,2026-03-22T01:26:36
5,122396,2058,8.28,454.6,2026-03-22T01:26:37
5,122486,2059,8.34,457.1,2026-03-22T01:26:37
5,122561,2060,8.32,456.1,2026-03-22T01:26:38
5,122661,2061,8.3,454.9,2026-03-22T01:26:38
5,122768,2062,8.34,455.2,2026-03-22T01:26:39
5,122888,2063,8.48,456.1,2026-03-22T01:26:40
5,123013,2064,8.66,459.6,2026-03-22T01:26:41
5,123085,2065,8.48,456.8,2026-03-22T01:26:41
5,123166,2066,8.46,455.1,2026-03-22T01:26:42
5,123301,2067,8.6,457.5,2026-03-22T01:26:42
5,123449,2068,8.62,458.3,2026-03-22T01:26:43
5,123576,2069,8.68,460.6,2026-03-22T01:26:44
5,123698,2070,8.66,460.9,2026-03-22T01:26:45
5,123826,2071,8.66,461.5,2026-03-22T01:26:46
5,123946,2072,8.74,465.1,2026-03-22T01:26:46
5,124060,2073,8.84,467.4,2026-03-22T01:26:47
5,124168,2074,8.86,466.2,2026-03-22T01:26:48
5,124233,2075,8.76,462.9,2026-03-22T01:26:48
5,124332,2076,8.82,465.2,2026-03-22T01:26:49
5,124457,2077,8.78,465.1,2026-03-22T01:26:50
5,124593,2078,8.84,467.9,2026-03-22T01:26:50
5,124703,2079,8.96,469.7,2026-03-22T01:26:51
5,124781,2080,9.04,473.2,2026-03-22T01:26:52
5,124899,2081,9.22,475.7,2026-03-22T01:26:52
5,125042,2082,9.26,479.2,2026-03-22T01:26:56
5,125189,2083,9.38,482.4,2026-03-22T01:26:57
5,125302,2084,9.46,484.6,2026-03-22T01:26:58
5,125376,2085,9.42,482.8,2026-03-22T01:26:58
5,125469,2086,9.46,485.2,2026-03-22T01:26:59
5,125579,2087,9.5,484.4,2026-03-22T01:27:00
5,125715,2088,9.64,487.5,2026-03-22T01:27:01
5,125809,2089,9.68,488.3,2026-03-22T01:27:01
5,125918,2090,9.72,489.4,2026-03-22T01:27:02
5,126023,2091,9.86,492.9,2026-03-22T01:27:02
5,126146,2092,10.08,495.0,2026-03-22T01:27:03
5,126238,2093,9.74,488.0,2026-03-22T01:27:04
5,126366,2094,9.9,493.8,2026-03-22T01:27:05
5,126423,2095,9.76,487.9,2026-03-22T01:27:05
5,126533,2096,9.82,487.4,2026-03-22T01:27:06
5,126615,2097,9.86,488.5,2026-03-22T01:27:06
5,126719,2098,9.82,486.2,2026-03-22T01:27:07
5,126829,2099,9.66,482.2,2026-03-22T01:27:07
5,126930,2100,9.56,482.6,2026-03-22T01:27:08
5,127017,2101,9.54,481.8,2026-03-22T01:27:09
5,127158,2102,9.76,487.0,2026-03-22T01:27:09
5,127285,2103,9.8,489.7,2026-03-22T01:27:10
5,127389,2104,9.9,495.3,2026-03-22T01:27:11
5,127542,2105,10.14,500.5,2026-03-22T01:27:12
5,127627,2106,10.1,499.2,2026-03-22T01:27:12
5,127727,2107,10.1,499.5,2026-03-22T01:27:13
5,127807,2108,10.12,500.8,2026-03-22T01:27:13
5,127929,2109,10.18,502.8,2026-03-22T01:27:14
5,128041,2110,10.26,505.7,2026-03-22T01:27:15
5,128119,2111,10.22,504.1,2026-03-22T01:27:15
5,128242,2112,10.32,505.7,2026-03-22T01:27:16
5,128360,2113,10.24,505.7,2026-03-22T01:27:17
5,128442,2114,10.04,502.0,2026-03-22T01:27:17
5,128559,2115,10.2,505.6,2026-03-22T01:27:18
5,128681,2116,10.32,508.7,2026-03-22T01:27:19
5,128780,2117,10.26,505.6,2026-03-22T01:27:19
5,128944,2118,10.3,506.5,2026-03-22T01:27:20
5,129058,2119,10.3,505.4,2026-03-22T01:27:21
5,129144,2120,10.24,502.4,2026-03-22T01:27:21
5,129266,2121,10.24,501.6,2026-03-22T01:27:22
5,129401,2122,10.26,503.0,2026-03-22T01:27:23
5,129489,2123,10.18,501.4,2026-03-22T01:27:24
5,129624,2124,10.26,503.3,2026-03-22T01:27:24
5,129741,2125,10.36,507.2,2026-03-22T01:27:25
5,129838,2126,10.36,507.1,2026-03-22T01:27:26
5,129947,2127,10.32,505.6,2026-03-22T01:27:26
5,130062,2128,10.28,503.5,2026-03-22T01:27:27
5,130135,2129,10.16,501.0,2026-03-22T01:27:27
5,130255,2130,10.28,504.1,2026-03-22T01:27:28
5,130358,2131,10.16,503.2,2026-03-22T01:27:29
5,130460,2132,10.08,500.2,2026-03-22T01:27:29
5,130575,2133,9.98,497.8,2026-03-22T01:27:30
5,130700,2134,10.0,499.1,2026-03-22T01:27:31
5,130839,2135,10.12,504.4,2026-03-22T01:27:32
5,130937,2136,10.12,505.3,2026-03-22T01:27:33
5,131048,2137,10.08,505.6,2026-03-22T01:27:33
5,131198,2138,10.1,507.1,2026-03-22T01:27:34
5,131295,2139,10.08,507.5,2026-03-22T01:27:35
5,131392,2140,10.04,506.4,2026-03-22T01:27:35
5,131446,2141,9.9,502.2,2026-03-22T01:27:36
5,131549,2142,9.7,501.2,2026-03-22T01:27:36
5,131654,2143,9.74,502.5,2026-03-22T01:27:37
5,131708,2144,9.6,496.6,2026-03-22T01:27:37
5,131825,2145,9.78,501.1,2026-03-22T01:27:38
5,131961,2146,9.78,503.3,2026-03-22T01:27:39
5,132055,2147,9.82,504.6,2026-03-22T01:27:40
5,132159,2148,9.82,504.3,2026-03-22T01:27:40
5,132260,2149,9.76,503.7,2026-03-22T01:27:41
5,132347,2150,9.76,502.9,2026-03-22T01:27:41
5,132417,2151,9.74,501.8,2026-03-22T01:27:42
5,132509,2152,9.56,497.4,2026-03-22T01:27:42
5,132601,2153,9.56,494.3,2026-03-22T01:27:43
5,132650,2154,9.48,489.5,2026-03-22T01:27:43
5,132761,2155,9.3,486.4,2026-03-22T01:27:44
5,132894,2156,9.4,490.5,2026-03-22T01:27:45
5,132953,2157,9.4,487.2,2026-03-22T01:27:45
5,133048,2158,9.44,488.7,2026-03-22T01:27:46
5,133186,2159,9.48,490.2,2026-03-22T01:27:47
5,133344,2160,9.54,493.6,2026-03-22T01:27:48
5,133456,2161,9.62,496.1,2026-03-22T01:27:48
5,133645,2162,9.86,500.9,2026-03-22T01:27:49
5,133792,2163,9.92,503.1,2026-03-22T01:27:50
5,133924,2164,10.02,506.8,2026-03-22T01:27:51
5,134027,2165,9.94,505.8,2026-03-22T01:27:52
5,134149,2166,9.96,506.0,2026-03-22T01:27:52
5,134308,2167,10.06,511.0,2026-03-22T01:27:53
5,134428,2168,9.96,507.8,2026-03-22T01:27:54
5,134566,2169,10.04,509.9,2026-03-22T01:27:55
5,134698,2170,10.18,513.9,2026-03-22T01:27:56
5,134808,2171,10.12,513.1,2026-03-22T01:27:57
5,134869,2172,10.02,507.3,2026-03-22T01:27:57
5,135006,2173,10.14,511.0,2026-03-22T01:27:58
5,135117,2174,10.02,509.1,2026-03-22T01:27:59
5,135293,2175,10.2,513.7,2026-03-22T01:28:00
5,135399,2176,10.22,514.4,2026-03-22T01:28:00
5,135516,2177,10.24,515.4,2026-03-22T01:28:01
5,135608,2178,10.26,513.6,2026-03-22T01:28:02
5,135731,2179,10.44,517.2,2026-03-22T01:28:02
5,135858,2180,10.44,517.7,2026-03-22T01:28:03
5,136029,2181,10.56,522.7,2026-03-22T01:28:04
5,136184,2182,10.7,526.9,2026-03-22T01:28:05
5,136333,2183,10.82,529.3,2026-03-22T01:28:06
5,136518,2184,11.1,534.0,2026-03-22T01:28:07
5,136629,2185,11.04,531.8,2026-03-22T01:28:08
5,136766,2186,11.2,534.8,2026-03-22T01:28:09
5,136828,2187,11.1,530.8,2026-03-22T01:28:09
5,136975,2188,11.06,530.5,2026-03-22T01:28:10
5,137060,2189,11.06,529.7,2026-03-22T01:28:11
5,137185,2190,11.12,532.0,2026-03-22T01:28:11
5,137325,2191,11.3,538.9,2026-03-22T01:28:12
5,137436,2192,11.32,539.4,2026-03-22T01:28:13
5,137573,2193,11.42,541.9,2026-03-22T01:28:14
5,137730,2194,11.68,550.5,2026-03-22T01:28:15
5,137887,2195,11.74,554.1,2026-03-22T01:28:16
5,138003,2196,11.7,552.2,2026-03-22T01:28:16
5,138160,2197,11.9,556.9,2026-03-22T01:28:17
5,138307,2198,12.04,560.3,2026-03-22T01:28:18
5,138451,2199,12.18,563.8,2026-03-22T01:28:19
5,138623,2200,12.52,570.6,2026-03-22T01:28:20
5,138737,2201,12.68,573.8,2026-03-22T01:28:21
5,138897,2202,12.8,579.8,2026-03-22T01:28:22
5,139038,2203,13.02,583.7,2026-03-22T01:28:23
5,139190,2204,13.22,592.1,2026-03-22T01:28:24
5,139314,2205,13.22,593.0,2026-03-22T01:28:24
5,139402,2206,13.14,589.3,2026-03-22T01:28:25
5,139552,2207,13.24,596.5,2026-03-22T01:28:26
5,139719,2208,13.44,601.9,2026-03-22T01:28:27
5,139850,2209,13.48,601.7,2026-03-22T01:28:28
5,140003,2210,13.66,601.3,2026-03-22T01:28:29
5,140176,2211,13.9,606.6,2026-03-22T01:28:30
5,140272,2212,13.52,599.2,2026-03-22T01:28:30
5,140360,2213,13.4,595.0,2026-03-22T01:28:31
5,140495,2214,13.48,595.5,2026-03-22T01:28:32
5,140677,2215,13.7,601.8,2026-03-22T01:28:33
5,140752,2216,13.52,597.8,2026-03-22T01:28:33
5,140856,2217,13.36,593.4,2026-03-22T01:28:34
5,140975,2218,13.36,593.0,2026-03-22T01:28:35
5,141127,2219,13.32,593.8,2026-03-22T01:28:36
5,141249,2220,13.26,593.1,2026-03-22T01:28:36
5,141377,2221,13.32,594.3,2026-03-22T01:28:37
5,141460,2222,13.34,596.2,2026-03-22T01:28:38
5,141563,2223,13.26,593.6,2026-03-22T01:28:38
5,141670,2224,13.22,592.9,2026-03-22T01:28:39
5,141823,2225,13.16,591.0,2026-03-22T01:28:40
5,141923,2226,13.14,590.5,2026-03-22T01:28:41
5,142075,2227,13.22,593.2,2026-03-22T01:28:42
5,142199,2228,13.26,595.8,2026-03-22T01:28:42
5,142303,2229,13.14,594.7,2026-03-22T01:28:43
5,142442,2230,13.18,595.7,2026-03-22T01:28:44
5,142512,2231,12.98,588.1,2026-03-22T01:28:44
5,142640,2232,12.92,585.8,2026-03-22T01:28:45
5,142769,2233,12.82,584.3,2026-03-22T01:28:46
5,142891,2234,12.58,579.4,2026-03-22T01:28:47
5,142994,2235,12.58,578.7,2026-03-22T01:28:47
5,143153,2236,12.7,580.3,2026-03-22T01:28:48
5,143264,2237,12.9,584.3,2026-03-22T01:28:49
5,143375,2238,12.82,581.2,2026-03-22T01:28:50
5,143461,2239,12.82,581.0,2026-03-22T01:28:50
5,143591,2240,12.82,581.2,2026-03-22T01:28:51
5,143713,2241,12.78,579.7,2026-03-22T01:28:52
5,143834,2242,12.86,580.3,2026-03-22T01:28:52
5,143966,2243,12.88,580.0,2026-03-22T01:28:53
5,144088,2244,12.92,577.1,2026-03-22T01:28:54
5,144193,2245,12.84,572.9,2026-03-22T01:28:55
5,144334,2246,12.9,574.8,2026-03-22T01:28:55
5,144499,2247,12.84,575.7,2026-03-22T01:28:56
5,144625,2248,12.8,574.4,2026-03-22T01:28:57
5,144753,2249,12.78,572.6,2026-03-22T01:28:58
5,144925,2250,12.66,572.3,2026-03-22T01:28:59
5,145076,2251,12.72,575.7,2026-03-22T01:29:00
5,145228,2252,12.74,574.6,2026-03-22T01:29:01
5,145417,2253,12.78,578.8,2026-03-22T01:29:02
5,145493,2254,12.62,572.7,2026-03-22T01:29:03
5,145633,2255,12.68,574.4,2026-03-22T01:29:03
5,145807,2256,12.9,581.4,2026-03-22T01:29:05
5,145965,2257,13.04,582.2,2026-03-22T01:29:05
5,146112,2258,13.0,580.7,2026-03-22T01:29:06
5,146236,2259,12.94,579.8,2026-03-22T01:29:07
5,146410,2260,12.86,581.5,2026-03-22T01:29:08
5,146522,2261,12.62,576.3,2026-03-22T01:29:09
5,146613,2262,12.64,576.2,2026-03-22T01:29:10
5,146764,2263,12.82,580.7,2026-03-22T01:29:10
5,146925,2264,12.82,583.0,2026-03-22T01:29:11
5,147094,2265,12.8,582.2,2026-03-22T01:29:12
5,147231,2266,12.96,587.4,2026-03-22T01:29:13
5,147388,2267,13.1,591.6,2026-03-22T01:29:14
5,147524,2268,13.22,593.1,2026-03-22T01:29:15
5,147635,2269,13.26,590.2,2026-03-22T01:29:16
5,147781,2270,13.32,592.1,2026-03-22T01:29:17
5,147901,2271,13.28,591.9,2026-03-22T01:29:18
5,148032,2272,13.38,595.4,2026-03-22T01:29:18
5,148167,2273,13.5,598.2,2026-03-22T01:29:19
5,148321,2274,13.6,602.2,2026-03-22T01:29:20
5,148407,2275,13.44,597.0,2026-03-22T01:29:21
5,148511,2276,13.46,597.5,2026-03-22T01:29:21
5,148648,2277,13.4,596.3,2026-03-22T01:29:22
5,148783,2278,13.38,597.5,2026-03-22T01:29:23
5,148859,2279,13.32,594.8,2026-03-22T01:29:24
5,149012,2280,13.3,595.9,2026-03-22T01:29:24
5,149128,2281,13.4,599.6,2026-03-22T01:29:25
5,149297,2282,13.58,602.6,2026-03-22T01:29:26
5,149403,2283,13.58,600.9,2026-03-22T01:29:27
5,149567,2284,13.66,604.1,2026-03-22T01:29:28
5,149720,2285,13.74,607.8,2026-03-22T01:29:29
5,149811,2286,13.46,602.3,2026-03-22T01:29:29
5,149911,2287,13.32,601.3,2026-03-22T01:29:30
