experiment_id,timestep,episode,mean_reward,mean_ep_length,timestamp
1,61,1,4.0,310.0,2026-03-18T09:17:58
1,107,2,3.0,288.0,2026-03-18T09:17:59
1,132,3,2.0,249.0,2026-03-18T09:17:59
1,166,4,1.75,240.2,2026-03-18T09:18:00
1,205,5,1.8,234.2,2026-03-18T09:18:01
1,246,6,1.833,233.8,2026-03-18T09:18:01
1,282,7,1.714,230.4,2026-03-18T09:18:02
1,316,8,1.625,228.6,2026-03-18T09:18:03
1,339,9,1.444,220.1,2026-03-18T09:18:03
1,371,10,1.4,218.3,2026-03-18T09:18:04
1,414,11,1.455,220.2,2026-03-18T09:18:04
1,456,12,1.5,222.2,2026-03-18T09:18:05
1,481,13,1.385,217.5,2026-03-18T09:18:05
1,546,14,1.571,225.1,2026-03-18T09:18:06
1,582,15,1.533,224.7,2026-03-18T09:18:07
1,625,16,1.562,226.0,2026-03-18T09:18:08
1,668,17,1.588,226.0,2026-03-18T09:18:08
1,693,18,1.5,222.8,2026-03-18T09:18:09
1,780,19,1.737,232.5,2026-03-18T09:18:10
1,823,20,1.75,232.7,2026-03-18T09:18:11
1,880,21,1.857,235.7,2026-03-18T09:18:12
1,914,22,1.818,234.8,2026-03-18T09:18:12
1,953,23,1.826,234.7,2026-03-18T09:18:13
1,992,24,1.833,234.6,2026-03-18T09:18:14
1,1017,25,1.76,231.4,2026-03-18T09:18:15
1,1063,26,1.769,232.3,2026-03-18T09:18:15
1,1099,27,1.741,231.3,2026-03-18T09:18:16
1,1154,28,1.786,232.8,2026-03-18T09:18:17
1,1195,29,1.793,232.3,2026-03-18T09:18:17
1,1254,30,1.833,234.8,2026-03-18T09:18:18
1,1279,31,1.774,232.3,2026-03-18T09:18:19
1,1333,32,1.812,233.8,2026-03-18T09:18:19
1,1374,33,1.818,233.4,2026-03-18T09:18:20
1,1404,34,1.794,232.5,2026-03-18T09:18:21
1,1429,35,1.743,231.0,2026-03-18T09:18:21
1,1452,36,1.694,229.0,2026-03-18T09:18:22
1,1475,37,1.649,226.9,2026-03-18T09:18:22
1,1522,38,1.684,227.9,2026-03-18T09:18:23
1,1564,39,1.692,228.5,2026-03-18T09:18:24
1,1600,40,1.675,227.9,2026-03-18T09:18:24
1,1655,41,1.707,229.3,2026-03-18T09:18:25
1,1701,42,1.714,229.9,2026-03-18T09:18:26
1,1756,43,1.744,231.0,2026-03-18T09:18:27
1,1795,44,1.75,231.1,2026-03-18T09:18:27
1,1820,45,1.711,230.0,2026-03-18T09:18:28
1,1869,46,1.739,230.8,2026-03-18T09:18:28
1,1937,47,1.787,232.9,2026-03-18T09:18:29
1,1969,48,1.771,232.1,2026-03-18T09:18:30
1,2014,49,1.776,232.3,2026-03-18T09:18:32
1,2039,50,1.74,230.7,2026-03-18T09:18:33
1,2076,51,1.7,229.1,2026-03-18T09:18:35
1,2145,52,1.76,230.9,2026-03-18T09:18:39
1,2186,53,1.8,232.2,2026-03-18T09:18:41
1,2237,54,1.84,233.1,2026-03-18T09:18:44
1,2262,55,1.8,232.0,2026-03-18T09:18:45
1,2296,56,1.78,231.4,2026-03-18T09:18:47
1,2319,57,1.76,230.4,2026-03-18T09:18:49
1,2351,58,1.76,230.0,2026-03-18T09:18:50
1,2387,59,1.78,230.9,2026-03-18T09:18:52
1,2435,60,1.82,232.4,2026-03-18T09:18:55
1,2460,61,1.78,231.0,2026-03-18T09:18:57
1,2492,62,1.76,230.0,2026-03-18T09:18:58
1,2526,63,1.78,231.0,2026-03-18T09:19:01
1,2574,64,1.74,229.6,2026-03-18T09:19:03
1,2620,65,1.76,230.0,2026-03-18T09:19:06
1,2656,66,1.74,229.6,2026-03-18T09:19:07
1,2684,67,1.72,228.5,2026-03-18T09:19:09
1,2709,68,1.72,228.8,2026-03-18T09:19:11
1,2750,69,1.64,225.4,2026-03-18T09:19:13
1,2794,70,1.64,225.6,2026-03-18T09:19:16
1,2840,71,1.6,225.0,2026-03-18T09:19:18
1,2874,72,1.6,225.0,2026-03-18T09:19:20
1,2921,73,1.6,225.5,2026-03-18T09:19:23
1,2965,74,1.6,226.0,2026-03-18T09:19:25
1,3051,75,1.74,231.3,2026-03-18T09:19:30
1,3092,76,1.74,230.9,2026-03-18T09:19:32
1,3126,77,1.74,230.8,2026-03-18T09:19:34
1,3168,78,1.72,230.1,2026-03-18T09:19:36
1,3207,79,1.72,230.1,2026-03-18T09:19:39
1,3278,80,1.76,230.9,2026-03-18T09:19:43
1,3308,81,1.78,231.6,2026-03-18T09:19:46
1,3333,82,1.72,229.7,2026-03-18T09:19:48
1,3367,83,1.7,229.6,2026-03-18T09:20:02
1,3399,84,1.7,229.4,2026-03-18T09:20:16
1,3429,85,1.72,229.3,2026-03-18T09:20:27
1,3486,86,1.8,231.8,2026-03-18T09:20:32
1,3534,87,1.84,234.2,2026-03-18T09:20:39
1,3564,88,1.8,232.9,2026-03-18T09:20:42
1,3589,89,1.76,231.0,2026-03-18T09:20:47
1,3635,90,1.78,231.8,2026-03-18T09:20:54
1,3683,91,1.78,231.2,2026-03-18T09:20:59
1,3722,92,1.78,230.5,2026-03-18T09:21:05
1,3774,93,1.78,230.4,2026-03-18T09:21:14
1,3806,94,1.76,229.6,2026-03-18T09:21:21
1,3831,95,1.76,229.4,2026-03-18T09:21:25
1,3897,96,1.78,230.6,2026-03-18T09:21:33
1,3956,97,1.76,230.0,2026-03-18T09:21:41
1,3988,98,1.76,230.3,2026-03-18T09:21:46
1,4022,99,1.74,229.6,2026-03-18T09:21:52
1,4068,100,1.78,231.8,2026-03-18T09:21:58
1,4148,101,1.86,235.1,2026-03-18T09:22:12
1,4182,102,1.78,232.3,2026-03-18T09:22:18
1,4216,103,1.76,231.7,2026-03-18T09:22:21
1,4269,104,1.76,232.1,2026-03-18T09:22:42
1,4294,105,1.76,232.6,2026-03-18T09:22:49
1,4315,106,1.74,231.7,2026-03-18T09:22:52
1,4359,107,1.78,233.5,2026-03-18T09:23:02
1,4393,108,1.78,233.9,2026-03-18T09:23:06
1,4437,109,1.8,234.9,2026-03-18T09:23:10
1,4473,110,1.76,233.5,2026-03-18T09:23:14
1,4517,111,1.82,234.9,2026-03-18T09:23:20
1,4568,112,1.86,236.4,2026-03-18T09:23:26
1,4598,113,1.86,236.0,2026-03-18T09:23:31
1,4623,114,1.82,234.3,2026-03-18T09:23:34
1,4664,115,1.82,234.1,2026-03-18T09:23:39
1,4719,116,1.86,235.2,2026-03-18T09:23:47
1,4760,117,1.88,236.6,2026-03-18T09:23:53
1,4794,118,1.9,237.0,2026-03-18T09:23:57
1,4826,119,1.88,235.8,2026-03-18T09:24:00
1,4906,120,1.94,238.9,2026-03-18T09:24:12
1,4931,121,1.9,236.7,2026-03-18T09:24:17
1,4963,122,1.9,236.2,2026-03-18T09:24:20
1,5004,123,1.9,235.6,2026-03-18T09:24:22
1,5029,124,1.86,234.1,2026-03-18T09:24:27
1,5054,125,1.72,228.9,2026-03-18T09:24:30
1,5084,126,1.7,227.9,2026-03-18T09:24:40
1,5127,127,1.72,228.8,2026-03-18T09:24:45
1,5170,128,1.72,228.8,2026-03-18T09:24:48
1,5195,129,1.68,228.0,2026-03-18T09:24:50
1,5239,130,1.62,225.7,2026-03-18T09:24:53
1,5264,131,1.6,225.2,2026-03-18T09:24:55
1,5285,132,1.6,224.5,2026-03-18T09:24:56
1,5310,133,1.58,223.3,2026-03-18T09:24:58
1,5346,134,1.58,223.8,2026-03-18T09:25:00
1,5378,135,1.58,224.1,2026-03-18T09:25:03
1,5403,136,1.5,221.7,2026-03-18T09:25:04
1,5424,137,1.46,219.3,2026-03-18T09:25:08
1,5460,138,1.46,219.5,2026-03-18T09:25:14
1,5496,139,1.48,220.7,2026-03-18T09:25:20
1,5528,140,1.46,219.7,2026-03-18T09:25:23
1,5585,141,1.46,220.6,2026-03-18T09:25:30
1,5610,142,1.42,219.8,2026-03-18T09:25:33
1,5645,143,1.38,218.6,2026-03-18T09:25:39
1,5686,144,1.4,219.3,2026-03-18T09:25:44
1,5744,145,1.48,222.1,2026-03-18T09:25:47
1,5769,146,1.4,218.7,2026-03-18T09:25:52
1,5810,147,1.38,217.3,2026-03-18T09:25:55
1,5854,148,1.4,218.0,2026-03-18T09:25:57
1,5913,149,1.46,219.6,2026-03-18T09:26:01
1,5936,150,1.42,217.8,2026-03-18T09:26:02
1,5977,151,1.34,214.9,2026-03-18T09:26:04
1,6028,152,1.38,216.1,2026-03-18T09:26:08
1,6069,153,1.4,216.6,2026-03-18T09:26:10
1,6114,154,1.38,215.8,2026-03-18T09:26:13
1,6148,155,1.4,216.2,2026-03-18T09:26:15
1,6207,156,1.48,219.2,2026-03-18T09:26:18
1,6255,157,1.48,219.3,2026-03-18T09:26:20
1,6289,158,1.48,219.1,2026-03-18T09:26:22
1,6312,159,1.44,217.2,2026-03-18T09:26:23
1,6358,160,1.46,218.0,2026-03-18T09:26:34
1,6404,161,1.44,218.4,2026-03-18T09:26:37
1,6448,162,1.42,218.0,2026-03-18T09:26:39
1,6492,163,1.44,218.8,2026-03-18T09:26:42
1,6522,164,1.46,219.3,2026-03-18T09:26:43
1,6605,165,1.54,222.7,2026-03-18T09:26:50
1,6630,166,1.48,220.6,2026-03-18T09:26:52
1,6671,167,1.48,220.4,2026-03-18T09:26:54
1,6712,168,1.5,221.1,2026-03-18T09:26:56
1,6746,169,1.5,221.6,2026-03-18T09:26:58
1,6797,170,1.46,219.1,2026-03-18T09:27:00
1,6834,171,1.48,220.5,2026-03-18T09:27:02
1,6859,172,1.46,220.3,2026-03-18T09:27:04
1,6893,173,1.44,220.1,2026-03-18T09:27:06
1,6946,174,1.5,222.1,2026-03-18T09:27:08
1,7006,175,1.58,224.8,2026-03-18T09:27:12
1,7038,176,1.58,225.1,2026-03-18T09:27:13
1,7057,177,1.54,223.0,2026-03-18T09:27:14
1,7135,178,1.6,225.7,2026-03-18T09:27:17
1,7167,179,1.62,225.8,2026-03-18T09:27:19
1,7192,180,1.58,224.5,2026-03-18T09:27:20
1,7231,181,1.62,225.4,2026-03-18T09:27:22
1,7267,182,1.64,226.6,2026-03-18T09:27:24
1,7301,183,1.66,227.6,2026-03-18T09:27:26
1,7340,184,1.68,228.0,2026-03-18T09:27:29
1,7379,185,1.7,228.7,2026-03-18T09:27:32
1,7424,186,1.74,230.1,2026-03-18T09:27:38
1,7445,187,1.74,230.2,2026-03-18T09:27:39
1,7484,188,1.76,230.3,2026-03-18T09:27:41
1,7525,189,1.78,230.6,2026-03-18T09:27:44
1,7566,190,1.8,231.5,2026-03-18T09:27:46
1,7610,191,1.78,230.3,2026-03-18T09:27:48
1,7644,192,1.8,230.7,2026-03-18T09:27:49
1,7669,193,1.78,229.7,2026-03-18T09:27:50
1,7705,194,1.76,229.2,2026-03-18T09:27:51
1,7730,195,1.68,226.4,2026-03-18T09:27:53
1,7776,196,1.72,228.4,2026-03-18T09:27:55
1,7806,197,1.7,227.7,2026-03-18T09:27:56
1,7847,198,1.7,227.9,2026-03-18T09:27:58
1,7881,199,1.64,226.1,2026-03-18T09:27:59
1,7941,200,1.72,228.5,2026-03-18T09:28:03
1,7984,201,1.72,228.5,2026-03-18T09:28:04
1,8059,202,1.76,230.2,2026-03-18T09:28:07
1,8112,203,1.78,231.3,2026-03-18T09:28:09
1,8155,204,1.78,231.6,2026-03-18T09:28:11
1,8180,205,1.76,231.2,2026-03-18T09:28:12
1,8217,206,1.7,229.3,2026-03-18T09:28:15
1,8276,207,1.72,230.6,2026-03-18T09:28:18
1,8332,208,1.76,232.1,2026-03-18T09:28:20
1,8385,209,1.82,234.9,2026-03-18T09:28:23
1,8451,210,1.88,236.4,2026-03-18T09:28:26
1,8483,211,1.86,235.5,2026-03-18T09:28:28
1,8522,212,1.86,234.8,2026-03-18T09:28:29
1,8552,213,1.84,233.9,2026-03-18T09:28:30
1,8588,214,1.84,234.3,2026-03-18T09:28:32
1,8631,215,1.76,231.0,2026-03-18T09:28:34
1,8697,216,1.84,234.2,2026-03-18T09:28:37
1,8738,217,1.84,233.8,2026-03-18T09:28:38
1,8779,218,1.84,233.6,2026-03-18T09:28:40
1,8802,219,1.82,232.6,2026-03-18T09:28:41
1,8848,220,1.8,232.2,2026-03-18T09:28:43
1,8882,221,1.8,232.0,2026-03-18T09:28:45
1,8914,222,1.82,232.5,2026-03-18T09:28:46
1,8960,223,1.84,233.3,2026-03-18T09:28:49
1,9008,224,1.82,233.0,2026-03-18T09:28:52
1,9081,225,1.84,234.2,2026-03-18T09:28:57
1,9147,226,1.9,237.1,2026-03-18T09:29:00
1,9193,227,1.94,239.4,2026-03-18T09:29:02
1,9264,228,1.94,238.8,2026-03-18T09:29:05
1,9305,229,1.96,240.0,2026-03-18T09:29:07
1,9328,230,1.96,239.8,2026-03-18T09:29:08
1,9353,231,1.92,239.2,2026-03-18T09:29:09
1,9378,232,1.9,238.5,2026-03-18T09:29:10
1,9412,233,1.9,238.7,2026-03-18T09:29:12
1,9478,234,1.94,240.9,2026-03-18T09:29:14
1,9532,235,1.96,242.1,2026-03-18T09:29:17
1,9583,236,1.98,242.7,2026-03-18T09:29:19
1,9622,237,2.02,244.2,2026-03-18T09:29:21
1,9696,238,2.08,247.3,2026-03-18T09:29:24
1,9728,239,2.06,246.8,2026-03-18T09:29:25
1,9767,240,2.06,246.7,2026-03-18T09:29:28
1,9804,241,2.06,246.0,2026-03-18T09:29:30
1,9848,242,2.08,247.2,2026-03-18T09:29:31
1,9892,243,2.12,249.0,2026-03-18T09:29:34
1,9943,244,2.16,250.3,2026-03-18T09:29:36
1,9982,245,2.2,251.8,2026-03-18T09:29:38
1,10010,246,2.18,250.3,2026-03-18T09:29:40
1,10044,247,2.18,250.1,2026-03-18T09:29:42
1,10095,248,2.2,250.9,2026-03-18T09:29:44
1,10120,249,2.18,250.2,2026-03-18T09:29:45
1,10161,250,2.14,249.0,2026-03-18T09:29:48
1,10217,251,2.16,249.6,2026-03-18T09:29:50
1,10238,252,2.06,245.2,2026-03-18T09:29:51
1,10272,253,2.02,243.7,2026-03-18T09:29:53
1,10295,254,1.98,241.6,2026-03-18T09:29:54
1,10320,255,1.98,241.6,2026-03-18T09:29:56
1,10386,256,2.04,243.8,2026-03-18T09:29:58
1,10411,257,1.98,240.8,2026-03-18T09:30:00
1,10453,258,1.96,240.0,2026-03-18T09:30:02
1,10507,259,1.96,239.8,2026-03-18T09:30:04
1,10532,260,1.86,236.6,2026-03-18T09:30:05
1,10569,261,1.86,236.5,2026-03-18T09:30:07
1,10616,262,1.86,237.0,2026-03-18T09:30:09
1,10641,263,1.84,236.7,2026-03-18T09:30:10
1,10690,264,1.88,238.2,2026-03-18T09:30:13
1,10731,265,1.88,238.0,2026-03-18T09:30:14
1,10765,266,1.82,235.8,2026-03-18T09:30:16
1,10808,267,1.82,236.0,2026-03-18T09:30:18
1,10852,268,1.82,236.6,2026-03-18T09:30:20
1,10893,269,1.86,238.2,2026-03-18T09:30:22
1,10927,270,1.84,237.2,2026-03-18T09:30:23
1,10952,271,1.82,236.3,2026-03-18T09:30:24
1,10986,272,1.82,236.2,2026-03-18T09:30:26
1,11023,273,1.8,235.4,2026-03-18T09:30:28
1,11057,274,1.78,234.1,2026-03-18T09:30:29
1,11080,275,1.68,230.3,2026-03-18T09:30:30
1,11105,276,1.6,226.7,2026-03-18T09:30:31
1,11144,277,1.6,226.2,2026-03-18T09:30:33
1,11169,278,1.5,222.4,2026-03-18T09:30:34
1,11190,279,1.46,220.3,2026-03-18T09:30:36
1,11222,280,1.48,221.2,2026-03-18T09:30:39
1,11243,281,1.48,220.8,2026-03-18T09:30:41
1,11309,282,1.56,224.3,2026-03-18T09:30:44
1,11362,283,1.6,225.7,2026-03-18T09:30:46
1,11403,284,1.56,223.5,2026-03-18T09:30:48
1,11470,285,1.58,224.4,2026-03-18T09:30:51
1,11511,286,1.56,223.7,2026-03-18T09:30:53
1,11536,287,1.52,222.7,2026-03-18T09:30:54
1,11582,288,1.46,220.3,2026-03-18T09:30:57
1,11603,289,1.44,219.6,2026-03-18T09:30:58
1,11646,290,1.44,219.5,2026-03-18T09:31:00
1,11680,291,1.42,219.4,2026-03-18T09:31:01
1,11740,292,1.46,220.1,2026-03-18T09:31:04
1,11784,293,1.46,219.5,2026-03-18T09:31:06
1,11851,294,1.48,221.1,2026-03-18T09:31:09
1,11902,295,1.5,222.0,2026-03-18T09:31:13
1,11927,296,1.48,221.9,2026-03-18T09:31:14
1,11959,297,1.48,221.9,2026-03-18T09:31:15
1,11987,298,1.44,219.8,2026-03-18T09:31:17
1,12021,299,1.46,220.5,2026-03-18T09:31:18
1,12053,300,1.44,219.7,2026-03-18T09:31:20
1,12112,301,1.44,220.4,2026-03-18T09:31:22
1,12133,302,1.44,220.6,2026-03-18T09:31:23
1,12176,303,1.46,221.2,2026-03-18T09:31:25
1,12214,304,1.5,222.7,2026-03-18T09:31:27
1,12244,305,1.52,222.8,2026-03-18T09:31:28
1,12313,306,1.52,223.1,2026-03-18T09:31:31
1,12354,307,1.56,224.5,2026-03-18T09:31:33
1,12379,308,1.52,223.1,2026-03-18T09:31:35
1,12411,309,1.48,221.4,2026-03-18T09:31:36
1,12462,310,1.54,223.4,2026-03-18T09:31:39
1,12501,311,1.56,223.6,2026-03-18T09:31:40
1,12533,312,1.54,222.9,2026-03-18T09:31:42
1,12579,313,1.58,224.5,2026-03-18T09:31:44
1,12632,314,1.58,224.2,2026-03-18T09:31:46
1,12680,315,1.58,225.0,2026-03-18T09:31:48
1,12731,316,1.62,225.8,2026-03-18T09:31:50
1,12763,317,1.6,225.4,2026-03-18T09:31:52
1,12820,318,1.62,226.3,2026-03-18T09:31:54
1,12863,319,1.62,226.7,2026-03-18T09:31:56
1,12922,320,1.66,228.8,2026-03-18T09:31:59
1,12945,321,1.66,228.8,2026-03-18T09:32:00
1,12991,322,1.7,230.0,2026-03-18T09:32:02
1,13027,323,1.7,230.0,2026-03-18T09:32:03
1,13059,324,1.7,230.1,2026-03-18T09:32:05
1,13080,325,1.7,230.1,2026-03-18T09:32:06
1,13116,326,1.72,231.2,2026-03-18T09:32:08
1,13170,327,1.74,232.5,2026-03-18T09:32:10
1,13216,328,1.78,234.6,2026-03-18T09:32:12
1,13262,329,1.84,236.6,2026-03-18T09:32:14
1,13296,330,1.84,236.7,2026-03-18T09:32:16
1,13361,331,1.92,240.2,2026-03-18T09:32:19
1,13397,332,1.86,237.7,2026-03-18T09:32:20
1,13436,333,1.84,236.3,2026-03-18T09:32:22
1,13484,334,1.84,236.7,2026-03-18T09:32:24
1,13536,335,1.82,235.6,2026-03-18T09:32:26
1,13581,336,1.82,235.6,2026-03-18T09:32:28
1,13624,337,1.86,236.7,2026-03-18T09:32:30
1,13656,338,1.84,235.5,2026-03-18T09:32:32
1,13715,339,1.9,238.4,2026-03-18T09:32:34
1,13776,340,1.94,239.7,2026-03-18T09:32:37
1,13868,341,2.06,244.2,2026-03-18T09:32:42
1,13929,342,2.06,244.5,2026-03-18T09:32:46
1,13975,343,2.06,245.1,2026-03-18T09:32:48
1,14027,344,2.04,243.6,2026-03-18T09:32:50
1,14052,345,1.98,241.0,2026-03-18T09:32:51
1,14084,346,2.0,241.2,2026-03-18T09:32:53
1,14132,347,2.04,242.7,2026-03-18T09:32:55
1,14186,348,2.08,244.8,2026-03-18T09:32:57
1,14222,349,2.08,244.7,2026-03-18T09:32:59
1,14287,350,2.14,247.2,2026-03-18T09:33:02
1,14378,351,2.22,249.5,2026-03-18T09:33:06
1,14428,352,2.28,252.1,2026-03-18T09:33:08
1,14458,353,2.26,251.1,2026-03-18T09:33:10
1,14512,354,2.28,252.1,2026-03-18T09:33:13
1,14542,355,2.28,252.4,2026-03-18T09:33:14
1,14574,356,2.22,249.5,2026-03-18T09:33:15
1,14604,357,2.2,248.5,2026-03-18T09:33:16
1,14647,358,2.24,249.6,2026-03-18T09:33:18
1,14714,359,2.3,252.5,2026-03-18T09:33:21
1,14755,360,2.28,251.6,2026-03-18T09:33:22
1,14780,361,2.24,250.5,2026-03-18T09:33:24
1,14812,362,2.24,250.1,2026-03-18T09:33:25
1,14837,363,2.2,248.3,2026-03-18T09:33:26
1,14869,364,2.16,246.8,2026-03-18T09:33:27
1,14935,365,2.2,247.9,2026-03-18T09:33:29
1,14976,366,2.18,247.2,2026-03-18T09:33:31
1,15013,367,2.18,247.2,2026-03-18T09:33:32
1,15045,368,2.14,245.2,2026-03-18T09:33:34
1,15068,369,2.1,243.2,2026-03-18T09:33:34
1,15122,370,2.1,242.9,2026-03-18T09:33:36
1,15161,371,2.14,243.7,2026-03-18T09:33:38
1,15201,372,2.12,243.3,2026-03-18T09:33:39
1,15270,373,2.2,245.9,2026-03-18T09:33:42
1,15341,374,2.28,248.8,2026-03-18T09:33:44
1,15367,375,2.3,249.0,2026-03-18T09:33:45
1,15411,376,2.32,249.7,2026-03-18T09:33:47
1,15439,377,2.28,247.8,2026-03-18T09:33:48
1,15498,378,2.32,248.6,2026-03-18T09:33:50
1,15541,379,2.3,248.6,2026-03-18T09:33:52
1,15573,380,2.3,248.6,2026-03-18T09:33:53
1,15607,381,2.24,245.8,2026-03-18T09:33:54
1,15639,382,2.24,245.2,2026-03-18T09:33:56
1,15684,383,2.24,245.7,2026-03-18T09:33:57
1,15720,384,2.22,245.0,2026-03-18T09:33:59
1,15763,385,2.2,244.2,2026-03-18T09:34:00
1,15829,386,2.24,245.9,2026-03-18T09:34:02
1,15863,387,2.22,245.1,2026-03-18T09:34:04
1,15904,388,2.24,245.8,2026-03-18T09:34:05
1,15944,389,2.22,244.3,2026-03-18T09:34:07
1,15969,390,2.14,241.7,2026-03-18T09:34:08
1,16037,391,2.08,240.2,2026-03-18T09:34:10
1,16101,392,2.08,240.5,2026-03-18T09:34:12
1,16169,393,2.18,242.1,2026-03-18T09:34:14
1,16203,394,2.14,240.9,2026-03-18T09:34:16
1,16251,395,2.2,242.9,2026-03-18T09:34:17
1,16287,396,2.2,243.1,2026-03-18T09:34:19
1,16338,397,2.2,243.5,2026-03-18T09:34:21
1,16402,398,2.24,244.3,2026-03-18T09:34:23
1,16427,399,2.22,244.0,2026-03-18T09:34:24
1,16459,400,2.16,241.5,2026-03-18T09:34:25
1,16493,401,2.04,237.1,2026-03-18T09:34:26
1,16548,402,2.04,237.3,2026-03-18T09:34:28
1,16589,403,2.06,238.2,2026-03-18T09:34:30
1,16623,404,2.02,236.9,2026-03-18T09:34:31
1,16669,405,2.04,238.0,2026-03-18T09:34:33
1,16694,406,2.02,237.6,2026-03-18T09:34:34
1,16747,407,2.06,239.5,2026-03-18T09:34:36
1,16772,408,2.02,238.4,2026-03-18T09:34:37
1,16826,409,2.0,237.5,2026-03-18T09:34:38
1,16877,410,2.02,238.3,2026-03-18T09:34:40
1,16934,411,2.08,240.8,2026-03-18T09:34:43
1,16979,412,2.1,242.2,2026-03-18T09:34:45
1,17066,413,2.22,247.3,2026-03-18T09:34:48
1,17123,414,2.28,249.5,2026-03-18T09:34:50
1,17157,415,2.22,246.8,2026-03-18T09:34:51
1,17198,416,2.22,246.9,2026-03-18T09:34:52
1,17221,417,2.2,245.8,2026-03-18T09:34:53
1,17301,418,2.3,249.6,2026-03-18T09:34:56
1,17346,419,2.34,251.5,2026-03-18T09:34:58
1,17386,420,2.32,250.0,2026-03-18T09:35:00
1,17421,421,2.32,250.2,2026-03-18T09:35:01
1,17444,422,2.28,248.5,2026-03-18T09:35:02
1,17497,423,2.24,247.5,2026-03-18T09:35:04
1,17529,424,2.16,244.4,2026-03-18T09:35:05
1,17565,425,2.16,245.0,2026-03-18T09:35:07
1,17588,426,2.12,242.8,2026-03-18T09:35:07
1,17620,427,2.12,242.8,2026-03-18T09:35:09
1,17718,428,2.2,246.0,2026-03-18T09:35:12
1,17772,429,2.22,247.1,2026-03-18T09:35:14
1,17797,430,2.2,246.1,2026-03-18T09:35:15
1,17820,431,2.18,245.3,2026-03-18T09:35:16
1,17902,432,2.28,249.5,2026-03-18T09:35:19
1,17958,433,2.3,250.3,2026-03-18T09:35:21
1,18024,434,2.36,252.4,2026-03-18T09:35:23
1,18061,435,2.34,251.9,2026-03-18T09:35:25
1,18107,436,2.3,250.5,2026-03-18T09:35:26
1,18132,437,2.28,249.7,2026-03-18T09:35:27
1,18155,438,2.24,248.2,2026-03-18T09:35:28
1,18185,439,2.22,247.4,2026-03-18T09:35:29
1,18222,440,2.26,248.3,2026-03-18T09:35:31
1,18247,441,2.18,244.8,2026-03-18T09:35:32
1,18283,442,2.12,242.6,2026-03-18T09:35:33
1,18311,443,2.0,239.5,2026-03-18T09:35:34
1,18352,444,2.02,240.0,2026-03-18T09:35:35
1,18409,445,2.04,240.7,2026-03-18T09:35:37
1,18448,446,2.06,241.2,2026-03-18T09:35:39
1,18505,447,2.06,241.5,2026-03-18T09:35:41
1,18557,448,2.02,240.4,2026-03-18T09:35:43
1,18591,449,2.04,241.1,2026-03-18T09:35:44
1,18635,450,2.06,242.0,2026-03-18T09:35:46
1,18686,451,2.1,243.1,2026-03-18T09:35:48
1,18752,452,2.14,243.7,2026-03-18T09:35:50
1,18795,453,2.14,243.9,2026-03-18T09:35:52
1,18827,454,2.14,243.9,2026-03-18T09:35:53
1,18886,455,2.16,245.1,2026-03-18T09:35:55
1,18944,456,2.24,247.8,2026-03-18T09:35:57
1,18981,457,2.22,246.2,2026-03-18T09:35:58
1,19025,458,2.26,247.9,2026-03-18T09:36:00
1,19046,459,2.2,245.4,2026-03-18T09:36:01
1,19082,460,2.16,244.6,2026-03-18T09:36:02
1,19116,461,2.12,242.7,2026-03-18T09:36:03
1,19153,462,2.12,241.8,2026-03-18T09:36:05
1,19209,463,2.06,239.3,2026-03-18T09:36:07
1,19273,464,2.06,239.8,2026-03-18T09:36:09
1,19314,465,2.08,240.8,2026-03-18T09:36:10
1,19360,466,2.08,241.0,2026-03-18T09:36:12
1,19421,467,2.18,244.0,2026-03-18T09:36:14
1,19446,468,2.06,239.7,2026-03-18T09:36:15
1,19486,469,2.06,239.3,2026-03-18T09:36:18
1,19531,470,2.06,239.8,2026-03-18T09:36:21
1,19567,471,2.04,239.6,2026-03-18T09:36:22
1,19590,472,2.04,239.7,2026-03-18T09:36:24
1,19624,473,2.0,237.8,2026-03-18T09:36:25
1,19649,474,1.98,237.1,2026-03-18T09:36:27
1,19681,475,1.98,236.8,2026-03-18T09:36:28
1,19713,476,2.0,237.6,2026-03-18T09:36:29
1,19768,477,2.04,239.2,2026-03-18T09:36:32
1,19831,478,1.98,236.2,2026-03-18T09:36:35
1,19900,479,2.0,237.0,2026-03-18T09:36:38
1,19993,480,2.12,242.7,2026-03-18T09:36:42
1,20046,481,2.18,245.0,2026-03-18T09:36:45
1,20117,482,2.16,244.0,2026-03-18T09:36:49
1,20162,483,2.14,243.6,2026-03-18T09:36:51
1,20187,484,2.06,240.6,2026-03-18T09:36:52
1,20228,485,2.08,240.7,2026-03-18T09:36:54
1,20272,486,2.08,240.8,2026-03-18T09:36:56
1,20295,487,2.08,240.8,2026-03-18T09:36:57
1,20327,488,2.1,241.7,2026-03-18T09:36:58
1,20390,489,2.16,244.2,2026-03-18T09:37:01
1,20455,490,2.2,246.7,2026-03-18T09:37:03
1,20510,491,2.26,249.2,2026-03-18T09:37:06
1,20568,492,2.3,251.0,2026-03-18T09:37:09
1,20591,493,2.28,250.2,2026-03-18T09:37:10
1,20628,494,2.26,250.3,2026-03-18T09:37:12
1,20684,495,2.24,250.0,2026-03-18T09:37:14
1,20740,496,2.26,251.3,2026-03-18T09:37:17
1,20822,497,2.32,253.4,2026-03-18T09:37:21
1,20877,498,2.32,253.8,2026-03-18T09:37:24
1,20920,499,2.34,254.0,2026-03-18T09:37:27
1,21012,500,2.44,258.2,2026-03-18T09:37:31
1,21063,501,2.44,258.7,2026-03-18T09:37:33
1,21088,502,2.34,255.6,2026-03-18T09:37:35
1,21138,503,2.36,256.1,2026-03-18T09:37:37
1,21178,504,2.38,256.8,2026-03-18T09:37:38
1,21225,505,2.36,255.9,2026-03-18T09:37:41
1,21280,506,2.34,255.6,2026-03-18T09:37:43
1,21317,507,2.34,255.6,2026-03-18T09:37:45
1,21340,508,2.3,254.0,2026-03-18T09:37:46
1,21410,509,2.4,257.9,2026-03-18T09:37:49
1,21457,510,2.42,258.5,2026-03-18T09:37:51
1,21495,511,2.44,259.1,2026-03-18T09:37:53
1,21536,512,2.44,259.7,2026-03-18T09:37:55
1,21564,513,2.4,257.5,2026-03-18T09:37:56
1,21605,514,2.36,255.7,2026-03-18T09:37:58
1,21628,515,2.32,254.2,2026-03-18T09:37:59
1,21662,516,2.3,253.3,2026-03-18T09:38:00
1,21698,517,2.22,251.5,2026-03-18T09:38:02
1,21723,518,2.22,251.4,2026-03-18T09:38:03
1,21746,519,2.18,250.0,2026-03-18T09:38:04
1,21805,520,2.22,251.1,2026-03-18T09:38:06
1,21828,521,2.2,249.9,2026-03-18T09:38:07
1,21906,522,2.3,254.2,2026-03-18T09:38:12
1,21974,523,2.38,256.8,2026-03-18T09:38:16
1,22016,524,2.42,258.5,2026-03-18T09:38:18
1,22065,525,2.46,259.9,2026-03-18T09:38:20
1,22110,526,2.48,261.3,2026-03-18T09:38:22
1,22131,527,2.42,259.0,2026-03-18T09:38:23
1,22165,528,2.34,256.9,2026-03-18T09:38:25
1,22199,529,2.28,254.2,2026-03-18T09:38:26
1,22220,530,2.16,248.2,2026-03-18T09:38:27
1,22279,531,2.16,249.0,2026-03-18T09:38:30
1,22362,532,2.18,250.0,2026-03-18T09:38:36
1,22394,533,2.16,249.0,2026-03-18T09:38:38
1,22426,534,2.18,249.2,2026-03-18T09:38:39
1,22492,535,2.22,251.6,2026-03-18T09:38:43
1,22529,536,2.2,250.7,2026-03-18T09:38:44
1,22584,537,2.26,253.4,2026-03-18T09:38:47
1,22621,538,2.28,254.0,2026-03-18T09:38:49
1,22638,539,2.2,250.6,2026-03-18T09:38:49
1,22679,540,2.16,248.5,2026-03-18T09:38:51
1,22720,541,2.14,247.2,2026-03-18T09:38:54
1,22774,542,2.14,246.7,2026-03-18T09:38:57
1,22865,543,2.26,252.4,2026-03-18T09:39:01
1,22915,544,2.3,253.3,2026-03-18T09:39:03
1,22958,545,2.28,252.8,2026-03-18T09:39:05
1,23015,546,2.3,252.6,2026-03-18T09:39:08
1,23043,547,2.2,248.2,2026-03-18T09:39:09
1,23086,548,2.18,247.3,2026-03-18T09:39:11
1,23156,549,2.22,249.9,2026-03-18T09:39:14
1,23221,550,2.16,247.4,2026-03-18T09:39:18
1,23270,551,2.16,247.0,2026-03-18T09:39:20
1,23330,552,2.22,249.9,2026-03-18T09:39:23
1,23413,553,2.32,252.6,2026-03-18T09:39:29
1,23461,554,2.34,253.2,2026-03-18T09:39:32
1,23515,555,2.36,253.3,2026-03-18T09:39:36
1,23556,556,2.34,251.8,2026-03-18T09:39:38
1,23607,557,2.36,253.2,2026-03-18T09:39:40
1,23673,558,2.44,256.1,2026-03-18T09:39:43
1,23764,559,2.46,257.3,2026-03-18T09:39:47
1,23803,560,2.46,257.0,2026-03-18T09:39:49
1,23867,561,2.5,259.0,2026-03-18T09:39:52
1,23918,562,2.52,259.4,2026-03-18T09:39:54
1,23950,563,2.52,259.7,2026-03-18T09:39:55
1,23975,564,2.48,258.2,2026-03-18T09:39:57
1,24060,565,2.6,262.8,2026-03-18T09:40:00
1,24106,566,2.62,263.9,2026-03-18T09:40:02
1,24150,567,2.64,264.8,2026-03-18T09:40:04
1,24212,568,2.72,267.6,2026-03-18T09:40:06
1,24244,569,2.74,268.4,2026-03-18T09:40:08
1,24276,570,2.68,266.4,2026-03-18T09:40:09
1,24317,571,2.72,267.9,2026-03-18T09:40:10
1,24353,572,2.64,264.5,2026-03-18T09:40:12
1,24378,573,2.54,261.5,2026-03-18T09:40:13
1,24419,574,2.54,261.0,2026-03-18T09:40:14
1,24444,575,2.48,258.9,2026-03-18T09:40:15
1,24487,576,2.48,258.8,2026-03-18T09:40:17
1,24512,577,2.48,259.1,2026-03-18T09:40:18
1,24555,578,2.5,260.0,2026-03-18T09:40:20
1,24627,579,2.56,263.3,2026-03-18T09:40:22
1,24717,580,2.68,269.0,2026-03-18T09:40:25
1,24760,581,2.66,267.5,2026-03-18T09:40:27
1,24801,582,2.58,264.1,2026-03-18T09:40:28
1,24898,583,2.7,269.2,2026-03-18T09:40:32
1,24957,584,2.76,271.6,2026-03-18T09:40:34
1,25032,585,2.78,272.0,2026-03-18T09:40:48
1,25099,586,2.84,274.5,2026-03-18T09:40:51
1,25131,587,2.8,272.1,2026-03-18T09:40:52
1,25174,588,2.8,272.3,2026-03-18T09:40:54
1,25222,589,2.84,274.4,2026-03-18T09:40:56
1,25268,590,2.84,275.1,2026-03-18T09:40:58
1,25300,591,2.82,274.6,2026-03-18T09:40:59
1,25361,592,2.84,275.2,2026-03-18T09:41:02
1,25426,593,2.8,273.1,2026-03-18T09:41:04
1,25469,594,2.78,272.2,2026-03-18T09:41:06
1,25512,595,2.78,271.7,2026-03-18T09:41:07
1,25553,596,2.74,270.8,2026-03-18T09:41:09
1,25604,597,2.78,272.3,2026-03-18T09:41:11
1,25645,598,2.78,272.1,2026-03-18T09:41:13
1,25679,599,2.72,268.9,2026-03-18T09:41:14
1,25723,600,2.68,267.2,2026-03-18T09:41:16
1,25794,601,2.72,269.0,2026-03-18T09:41:18
1,25894,602,2.82,272.4,2026-03-18T09:41:22
1,25944,603,2.72,269.7,2026-03-18T09:41:23
1,25996,604,2.72,270.1,2026-03-18T09:41:25
1,26028,605,2.68,268.5,2026-03-18T09:41:26
1,26060,606,2.66,268.0,2026-03-18T09:41:28
1,26116,607,2.66,268.0,2026-03-18T09:41:29
1,26152,608,2.6,265.5,2026-03-18T09:41:31
1,26198,609,2.52,262.4,2026-03-18T09:41:33
1,26274,610,2.58,264.9,2026-03-18T09:41:35
1,26317,611,2.54,263.6,2026-03-18T09:41:37
1,26365,612,2.52,263.8,2026-03-18T09:41:38
1,26433,613,2.58,266.7,2026-03-18T09:41:41
1,26474,614,2.62,267.9,2026-03-18T09:41:42
1,26502,615,2.52,263.3,2026-03-18T09:41:44
1,26562,616,2.54,264.6,2026-03-18T09:41:46
1,26594,617,2.52,263.6,2026-03-18T09:41:48
1,26619,618,2.44,260.6,2026-03-18T09:41:49
1,26678,619,2.48,262.8,2026-03-18T09:41:51
1,26757,620,2.56,266.8,2026-03-18T09:41:54
1,26810,621,2.58,267.5,2026-03-18T09:41:56
1,26881,622,2.66,270.6,2026-03-18T09:41:58
1,26938,623,2.72,272.9,2026-03-18T09:42:01
1,26975,624,2.72,272.6,2026-03-18T09:42:02
1,27009,625,2.74,273.6,2026-03-18T09:42:04
1,27032,626,2.7,271.7,2026-03-18T09:42:05
1,27092,627,2.76,274.6,2026-03-18T09:42:07
1,27187,628,2.86,278.8,2026-03-18T09:42:11
1,27252,629,2.86,278.2,2026-03-18T09:42:13
1,27282,630,2.76,273.0,2026-03-18T09:42:14
1,27307,631,2.72,271.8,2026-03-18T09:42:15
1,27380,632,2.78,274.3,2026-03-18T09:42:18
1,27418,633,2.68,269.3,2026-03-18T09:42:19
1,27476,634,2.68,269.4,2026-03-18T09:42:21
1,27521,635,2.62,267.4,2026-03-18T09:42:23
1,27582,636,2.62,267.4,2026-03-18T09:42:25
1,27665,637,2.72,272.0,2026-03-18T09:42:28
1,27688,638,2.68,270.9,2026-03-18T09:42:29
1,27760,639,2.72,272.7,2026-03-18T09:42:31
1,27829,640,2.76,274.3,2026-03-18T09:42:34
1,27854,641,2.74,273.8,2026-03-18T09:42:35
1,27910,642,2.72,273.6,2026-03-18T09:42:37
1,27940,643,2.66,270.9,2026-03-18T09:42:38
1,28035,644,2.76,275.1,2026-03-18T09:42:44
1,28111,645,2.82,277.9,2026-03-18T09:42:50
1,28177,646,2.86,279.6,2026-03-18T09:42:54
1,28222,647,2.84,279.7,2026-03-18T09:42:56
1,28256,648,2.82,279.4,2026-03-18T09:42:58
1,28300,649,2.84,280.6,2026-03-18T09:43:00
1,28332,650,2.82,279.9,2026-03-18T09:43:02
1,28391,651,2.8,279.2,2026-03-18T09:43:04
1,28440,652,2.68,275.0,2026-03-18T09:43:06
1,28463,653,2.62,272.6,2026-03-18T09:43:07
1,28522,654,2.64,272.6,2026-03-18T09:43:11
1,28547,655,2.62,272.0,2026-03-18T09:43:12
1,28605,656,2.66,273.9,2026-03-18T09:43:15
1,28655,657,2.66,273.8,2026-03-18T09:43:18
1,28727,658,2.72,277.1,2026-03-18T09:43:21
1,28799,659,2.78,279.2,2026-03-18T09:43:24
1,28868,660,2.78,278.8,2026-03-18T09:43:27
1,28913,661,2.78,279.0,2026-03-18T09:43:29
1,28960,662,2.78,278.7,2026-03-18T09:43:31
1,29012,663,2.76,277.2,2026-03-18T09:43:33
1,29085,664,2.82,280.0,2026-03-18T09:43:37
1,29117,665,2.82,280.6,2026-03-18T09:43:39
1,29165,666,2.8,279.7,2026-03-18T09:43:41
1,29201,667,2.8,279.9,2026-03-18T09:43:42
1,29238,668,2.84,281.1,2026-03-18T09:43:44
1,29307,669,2.86,282.0,2026-03-18T09:43:47
1,29358,670,2.82,279.5,2026-03-18T09:43:49
1,29383,671,2.76,277.3,2026-03-18T09:43:50
1,29424,672,2.7,275.0,2026-03-18T09:43:52
1,29461,673,2.68,273.3,2026-03-18T09:43:53
1,29512,674,2.7,274.4,2026-03-18T09:43:55
1,29602,675,2.82,278.7,2026-03-18T09:43:59
1,29643,676,2.86,280.2,2026-03-18T09:44:01
1,29711,677,2.9,280.6,2026-03-18T09:44:04
1,29771,678,2.84,277.8,2026-03-18T09:44:06
1,29807,679,2.78,275.3,2026-03-18T09:44:08
1,29881,680,2.86,279.2,2026-03-18T09:44:11
1,29917,681,2.88,279.7,2026-03-18T09:44:12
1,29967,682,2.84,277.8,2026-03-18T09:44:14
1,30011,683,2.84,278.6,2026-03-18T09:44:17
1,30052,684,2.8,276.9,2026-03-18T09:44:19
1,30148,685,2.9,280.9,2026-03-18T09:44:24
1,30178,686,2.84,278.2,2026-03-18T09:44:25
1,30228,687,2.78,275.4,2026-03-18T09:44:28
1,30297,688,2.88,278.6,2026-03-18T09:44:32
1,30371,689,2.9,278.8,2026-03-18T09:44:35
1,30452,690,2.92,279.5,2026-03-18T09:44:38
1,30525,691,3.02,282.9,2026-03-18T09:44:42
1,30561,692,2.98,281.2,2026-03-18T09:44:45
1,30652,693,3.12,285.8,2026-03-18T09:44:50
1,30686,694,3.0,281.0,2026-03-18T09:44:52
1,30718,695,2.92,277.7,2026-03-18T09:44:53
1,30754,696,2.86,275.4,2026-03-18T09:44:55
1,30788,697,2.84,273.9,2026-03-18T09:44:57
1,30872,698,2.94,277.9,2026-03-18T09:45:02
1,30915,699,2.94,277.4,2026-03-18T09:45:04
1,30981,700,3.0,280.0,2026-03-18T09:45:10
1,31025,701,2.96,278.4,2026-03-18T09:45:12
1,31048,702,2.92,276.0,2026-03-18T09:45:13
1,31103,703,2.98,279.1,2026-03-18T09:45:15
1,31188,704,3.0,281.7,2026-03-18T09:45:21
1,31239,705,3.06,283.7,2026-03-18T09:45:24
1,31300,706,3.08,283.8,2026-03-18T09:45:27
1,31343,707,3.06,283.3,2026-03-18T09:45:29
1,31377,708,3.0,280.0,2026-03-18T09:45:30
1,31409,709,2.92,276.8,2026-03-18T09:45:32
1,31463,710,2.88,275.5,2026-03-18T09:45:35
1,31510,711,2.88,275.6,2026-03-18T09:45:38
1,31576,712,2.92,277.3,2026-03-18T09:45:41
1,31643,713,2.96,278.8,2026-03-18T09:45:45
1,31720,714,2.98,278.9,2026-03-18T09:45:49
1,31756,715,2.98,278.9,2026-03-18T09:45:51
1,31806,716,3.0,279.2,2026-03-18T09:45:55
1,31845,717,3.02,279.3,2026-03-18T09:45:58
1,31910,718,3.06,281.5,2026-03-18T09:46:04
1,31940,719,3.0,278.5,2026-03-18T09:46:06
1,31974,720,2.96,277.3,2026-03-18T09:46:08
1,32011,721,3.0,278.5,2026-03-18T09:46:10
1,32043,722,2.98,277.5,2026-03-18T09:46:13
1,32103,723,3.02,279.2,2026-03-18T09:46:16
1,32135,724,2.98,277.9,2026-03-18T09:46:18
1,32211,725,2.94,276.7,2026-03-18T09:46:23
1,32274,726,2.98,278.7,2026-03-18T09:46:28
1,32304,727,2.9,275.6,2026-03-18T09:46:29
1,32345,728,2.86,273.9,2026-03-18T09:46:32
1,32391,729,2.88,275.2,2026-03-18T09:46:35
1,32427,730,2.8,271.9,2026-03-18T09:46:37
1,32461,731,2.8,271.7,2026-03-18T09:46:39
1,32509,732,2.78,271.7,2026-03-18T09:46:42
1,32582,733,2.82,273.7,2026-03-18T09:46:46
1,32616,734,2.8,273.2,2026-03-18T09:46:48
1,32662,735,2.7,268.8,2026-03-18T09:46:51
1,32733,736,2.78,271.8,2026-03-18T09:46:54
1,32783,737,2.78,271.9,2026-03-18T09:46:57
1,32851,738,2.76,272.0,2026-03-18T09:47:01
1,32903,739,2.72,270.5,2026-03-18T09:47:04
1,32981,740,2.72,270.3,2026-03-18T09:47:09
1,33033,741,2.68,268.7,2026-03-18T09:47:13
1,33086,742,2.72,270.0,2026-03-18T09:47:16
1,33120,743,2.58,265.6,2026-03-18T09:47:17
1,33167,744,2.6,267.1,2026-03-18T09:47:20
1,33197,745,2.6,267.1,2026-03-18T09:47:21
1,33256,746,2.66,268.8,2026-03-18T09:47:24
1,33311,747,2.7,270.9,2026-03-18T09:47:27
1,33336,748,2.58,266.1,2026-03-18T09:47:28
1,33377,749,2.58,266.2,2026-03-18T09:47:30
1,33402,750,2.5,263.0,2026-03-18T09:47:32
1,33452,751,2.52,263.7,2026-03-18T09:47:34
1,33500,752,2.56,265.8,2026-03-18T09:47:36
1,33530,753,2.52,263.4,2026-03-18T09:47:38
1,33587,754,2.48,261.3,2026-03-18T09:47:41
1,33617,755,2.44,259.6,2026-03-18T09:47:42
1,33698,756,2.48,261.3,2026-03-18T09:47:46
1,33758,757,2.5,262.5,2026-03-18T09:47:48
1,33792,758,2.52,262.8,2026-03-18T09:47:50
1,33858,759,2.58,265.3,2026-03-18T09:47:53
1,33948,760,2.66,268.5,2026-03-18T09:47:57
1,34000,761,2.68,268.9,2026-03-18T09:47:59
1,34041,762,2.64,266.3,2026-03-18T09:48:02
1,34102,763,2.62,265.8,2026-03-18T09:48:04
1,34158,764,2.56,263.9,2026-03-18T09:48:07
1,34227,765,2.64,267.0,2026-03-18T09:48:10
1,34306,766,2.7,269.2,2026-03-18T09:48:14
1,34347,767,2.7,269.3,2026-03-18T09:48:16
1,34381,768,2.64,266.6,2026-03-18T09:48:18
1,34420,769,2.66,267.3,2026-03-18T09:48:19
1,34482,770,2.72,269.4,2026-03-18T09:48:22
1,34554,771,2.84,271.9,2026-03-18T09:48:26
1,34609,772,2.88,273.8,2026-03-18T09:48:28
1,34652,773,2.84,272.6,2026-03-18T09:48:30
1,34684,774,2.84,272.4,2026-03-18T09:48:32
1,34732,775,2.78,270.6,2026-03-18T09:48:34
1,34764,776,2.72,268.2,2026-03-18T09:48:36
1,34828,777,2.78,271.1,2026-03-18T09:48:39
1,34881,778,2.8,271.9,2026-03-18T09:48:42
1,34926,779,2.8,271.8,2026-03-18T09:48:44
1,34979,780,2.84,273.6,2026-03-18T09:48:47
1,35004,781,2.82,273.0,2026-03-18T09:48:48
1,35050,782,2.82,272.9,2026-03-18T09:48:51
1,35101,783,2.8,271.4,2026-03-18T09:48:54
1,35137,784,2.8,271.8,2026-03-18T09:48:55
1,35187,785,2.82,272.3,2026-03-18T09:48:58
1,35212,786,2.72,268.9,2026-03-18T09:48:59
1,35248,787,2.68,267.7,2026-03-18T09:49:00
1,35273,788,2.6,264.0,2026-03-18T09:49:02
1,35336,789,2.62,264.7,2026-03-18T09:49:04
1,35393,790,2.58,263.5,2026-03-18T09:49:07
1,35461,791,2.6,265.2,2026-03-18T09:49:10
1,35493,792,2.56,263.3,2026-03-18T09:49:12
1,35543,793,2.6,264.3,2026-03-18T09:49:14
1,35588,794,2.6,263.9,2026-03-18T09:49:16
1,35643,795,2.64,265.8,2026-03-18T09:49:19
1,35705,796,2.64,266.4,2026-03-18T09:49:22
1,35752,797,2.62,265.6,2026-03-18T09:49:24
1,35822,798,2.72,268.9,2026-03-18T09:49:27
1,35865,799,2.72,269.4,2026-03-18T09:49:29
1,35911,800,2.78,271.1,2026-03-18T09:49:32
1,35957,801,2.76,270.8,2026-03-18T09:49:34
1,36011,802,2.78,271.4,2026-03-18T09:49:36
1,36085,803,2.86,275.2,2026-03-18T09:49:41
1,36174,804,2.92,277.7,2026-03-18T09:49:46
1,36197,805,2.9,277.2,2026-03-18T09:49:47
1,36284,806,2.92,277.8,2026-03-18T09:49:51
1,36356,807,2.96,279.1,2026-03-18T09:49:54
1,36461,808,3.08,284.7,2026-03-18T09:49:58
1,36539,809,3.1,285.4,2026-03-18T09:50:01
1,36564,810,2.96,279.8,2026-03-18T09:50:02
1,36589,811,2.9,277.5,2026-03-18T09:50:03
1,36686,812,3.02,282.3,2026-03-18T09:50:07
1,36774,813,3.06,284.1,2026-03-18T09:50:10
1,36849,814,3.1,285.7,2026-03-18T09:50:12
1,36927,815,3.12,286.1,2026-03-18T09:50:15
1,36968,816,3.04,283.1,2026-03-18T09:50:17
1,37030,817,3.08,284.6,2026-03-18T09:50:19
1,37143,818,3.24,291.0,2026-03-18T09:50:23
1,37200,819,3.26,292.4,2026-03-18T09:50:26
1,37291,820,3.3,294.7,2026-03-18T09:50:30
1,37346,821,3.2,293.5,2026-03-18T09:50:32
1,37410,822,3.22,294.3,2026-03-18T09:50:34
1,37514,823,3.32,299.2,2026-03-18T09:50:39
1,37603,824,3.42,304.0,2026-03-18T09:50:43
1,37648,825,3.42,303.5,2026-03-18T09:50:45
1,37698,826,3.46,304.6,2026-03-18T09:50:47
1,37776,827,3.5,305.6,2026-03-18T09:50:51
1,37819,828,3.48,304.7,2026-03-18T09:50:52
1,37860,829,3.48,304.0,2026-03-18T09:50:54
1,37927,830,3.5,305.1,2026-03-18T09:50:57
1,38002,831,3.6,309.3,2026-03-18T09:50:59
1,38061,832,3.64,310.1,2026-03-18T09:51:02
1,38163,833,3.76,314.0,2026-03-18T09:51:06
1,38213,834,3.8,314.9,2026-03-18T09:51:08
1,38271,835,3.82,315.6,2026-03-18T09:51:10
1,38347,836,3.92,319.6,2026-03-18T09:51:13
1,38415,837,3.98,322.4,2026-03-18T09:51:16
1,38476,838,4.04,325.3,2026-03-18T09:51:18
1,38524,839,4.0,324.5,2026-03-18T09:51:20
1,38558,840,3.96,322.4,2026-03-18T09:51:21
1,38583,841,3.88,318.7,2026-03-18T09:51:23
1,38619,842,3.88,319.4,2026-03-18T09:51:24
1,38666,843,3.86,319.2,2026-03-18T09:51:26
1,38716,844,3.88,319.5,2026-03-18T09:51:28
1,38782,845,3.92,320.5,2026-03-18T09:51:31
1,38814,846,3.86,317.9,2026-03-18T09:51:32
1,38882,847,3.9,319.5,2026-03-18T09:51:35
1,38944,848,3.88,318.8,2026-03-18T09:51:37
1,38978,849,3.86,318.0,2026-03-18T09:51:39
1,39030,850,3.86,318.5,2026-03-18T09:51:41
1,39066,851,3.84,317.9,2026-03-18T09:51:43
1,39105,852,3.82,316.7,2026-03-18T09:51:44
1,39167,853,3.8,315.9,2026-03-18T09:51:47
1,39190,854,3.68,310.5,2026-03-18T09:51:48
1,39261,855,3.78,314.5,2026-03-18T09:51:51
1,39322,856,3.72,312.8,2026-03-18T09:51:54
1,39387,857,3.7,312.0,2026-03-18T09:51:56
1,39484,858,3.68,311.0,2026-03-18T09:52:00
1,39518,859,3.6,307.5,2026-03-18T09:52:01
1,39554,860,3.62,308.4,2026-03-18T09:52:03
1,39651,861,3.78,314.4,2026-03-18T09:52:08
1,39676,862,3.62,308.3,2026-03-18T09:52:09
1,39712,863,3.52,304.4,2026-03-18T09:52:11
1,39773,864,3.5,303.7,2026-03-18T09:52:14
1,39823,865,3.44,301.8,2026-03-18T09:52:17
1,39855,866,3.42,301.1,2026-03-18T09:52:19
1,39898,867,3.38,300.0,2026-03-18T09:52:22
1,39959,868,3.28,295.9,2026-03-18T09:52:25
1,40015,869,3.28,295.6,2026-03-18T09:52:28
1,40134,870,3.38,297.6,2026-03-18T09:52:34
1,40205,871,3.42,298.9,2026-03-18T09:52:37
1,40253,872,3.4,297.3,2026-03-18T09:52:40
1,40290,873,3.28,292.3,2026-03-18T09:52:42
1,40322,874,3.18,287.8,2026-03-18T09:52:43
1,40410,875,3.28,291.3,2026-03-18T09:52:48
1,40474,876,3.3,292.4,2026-03-18T09:52:51
1,40517,877,3.22,289.5,2026-03-18T09:52:53
1,40572,878,3.24,290.6,2026-03-18T09:52:55
1,40607,879,3.24,290.5,2026-03-18T09:52:57
1,40668,880,3.24,290.0,2026-03-18T09:53:01
1,40723,881,3.28,288.2,2026-03-18T09:53:05
1,40818,882,3.36,291.2,2026-03-18T09:53:11
1,40879,883,3.26,288.1,2026-03-18T09:53:14
1,40918,884,3.24,287.5,2026-03-18T09:53:17
1,40963,885,3.22,286.6,2026-03-18T09:53:20
1,41036,886,3.22,286.6,2026-03-18T09:53:24
1,41124,887,3.26,288.0,2026-03-18T09:53:29
1,41183,888,3.26,288.3,2026-03-18T09:53:33
1,41260,889,3.34,290.6,2026-03-18T09:53:37
1,41309,890,3.36,291.6,2026-03-18T09:53:40
1,41334,891,3.36,291.3,2026-03-18T09:53:42
1,41359,892,3.34,290.5,2026-03-18T09:53:43
1,41439,893,3.42,293.3,2026-03-18T09:53:47
1,41518,894,3.46,295.4,2026-03-18T09:53:51
1,41564,895,3.4,293.7,2026-03-18T09:53:55
1,41611,896,3.42,295.0,2026-03-18T09:53:57
1,41681,897,3.42,295.1,2026-03-18T09:54:01
1,41742,898,3.42,295.3,2026-03-18T09:54:06
1,41781,899,3.44,295.5,2026-03-18T09:54:07
1,41830,900,3.42,295.0,2026-03-18T09:54:09
1,41853,901,3.4,293.4,2026-03-18T09:54:10
1,41909,902,3.42,294.5,2026-03-18T09:54:17
1,41965,903,3.42,293.5,2026-03-18T09:54:21
1,42002,904,3.46,294.4,2026-03-18T09:54:23
1,42056,905,3.42,293.0,2026-03-18T09:54:27
1,42095,906,3.38,290.9,2026-03-18T09:54:31
1,42150,907,3.36,289.8,2026-03-18T09:54:33
1,42213,908,3.3,287.1,2026-03-18T09:54:37
1,42314,909,3.42,293.0,2026-03-18T09:54:43
1,42386,910,3.48,296.3,2026-03-18T09:54:47
1,42427,911,3.36,291.8,2026-03-18T09:54:51
1,42498,912,3.46,295.6,2026-03-18T09:54:57
1,42555,913,3.52,297.5,2026-03-18T09:55:01
1,42623,914,3.54,297.5,2026-03-18T09:55:05
1,42678,915,3.54,297.5,2026-03-18T09:55:07
1,42701,916,3.52,296.5,2026-03-18T09:55:09
1,42733,917,3.5,295.6,2026-03-18T09:55:10
1,42774,918,3.46,294.1,2026-03-18T09:55:13
1,42842,919,3.48,295.1,2026-03-18T09:55:17
1,42876,920,3.28,288.7,2026-03-18T09:55:19
1,42937,921,3.26,288.2,2026-03-18T09:55:23
1,42994,922,3.26,289.1,2026-03-18T09:55:26
1,43079,923,3.38,292.9,2026-03-18T09:55:31
1,43194,924,3.58,299.3,2026-03-18T09:55:36
1,43275,925,3.54,298.7,2026-03-18T09:55:40
1,43333,926,3.54,298.5,2026-03-18T09:55:43
1,43401,927,3.6,300.7,2026-03-18T09:55:47
1,43465,928,3.62,301.9,2026-03-18T09:55:51
1,43535,929,3.68,304.4,2026-03-18T09:55:55
1,43617,930,3.72,305.7,2026-03-18T09:56:01
1,43667,931,3.64,305.3,2026-03-18T09:56:03
1,43737,932,3.56,303.4,2026-03-18T09:56:06
1,43799,933,3.56,303.2,2026-03-18T09:56:09
1,43831,934,3.54,302.4,2026-03-18T09:56:10
1,43926,935,3.62,306.0,2026-03-18T09:56:14
1,43983,936,3.6,304.5,2026-03-18T09:56:16
1,44106,937,3.72,307.0,2026-03-18T09:56:21
1,44149,938,3.7,305.8,2026-03-18T09:56:24
1,44230,939,3.7,305.6,2026-03-18T09:56:30
1,44315,940,3.78,308.9,2026-03-18T09:56:35
1,44370,941,3.84,311.4,2026-03-18T09:56:38
1,44424,942,3.92,313.6,2026-03-18T09:56:41
1,44479,943,3.88,311.6,2026-03-18T09:56:43
1,44546,944,3.86,311.1,2026-03-18T09:56:47
1,44625,945,3.94,313.8,2026-03-18T09:56:50
1,44728,946,4.12,318.2,2026-03-18T09:56:55
1,44806,947,4.16,319.0,2026-03-18T09:56:58
1,44900,948,4.24,321.6,2026-03-18T09:57:02
1,44942,949,4.24,321.5,2026-03-18T09:57:04
1,45003,950,4.28,322.3,2026-03-18T09:57:07
1,45046,951,4.32,324.4,2026-03-18T09:57:09
1,45081,952,4.3,322.6,2026-03-18T09:57:11
1,45131,953,4.28,322.6,2026-03-18T09:57:13
1,45203,954,4.34,325.9,2026-03-18T09:57:16
1,45274,955,4.38,327.0,2026-03-18T09:57:19
1,45313,956,4.38,326.9,2026-03-18T09:57:20
1,45377,957,4.4,328.1,2026-03-18T09:57:23
1,45427,958,4.38,327.4,2026-03-18T09:57:25
1,45464,959,4.28,322.3,2026-03-18T09:57:26
1,45531,960,4.28,321.4,2026-03-18T09:57:29
1,45617,961,4.38,324.9,2026-03-18T09:57:33
1,45682,962,4.36,324.9,2026-03-18T09:57:36
1,45710,963,4.3,322.2,2026-03-18T09:57:38
1,45779,964,4.3,322.8,2026-03-18T09:57:41
1,45820,965,4.28,321.8,2026-03-18T09:57:43
1,45887,966,4.38,325.4,2026-03-18T09:57:46
1,45926,967,4.4,325.8,2026-03-18T09:57:49
1,45999,968,4.44,328.4,2026-03-18T09:57:55
1,46033,969,4.38,325.9,2026-03-18T09:57:58
1,46096,970,4.44,328.3,2026-03-18T09:58:01
1,46217,971,4.56,332.7,2026-03-18T09:58:06
1,46274,972,4.58,332.8,2026-03-18T09:58:08
1,46350,973,4.56,332.0,2026-03-18T09:58:12
1,46401,974,4.4,327.1,2026-03-18T09:58:14
1,46466,975,4.38,325.6,2026-03-18T09:58:16
1,46526,976,4.38,325.9,2026-03-18T09:58:18
1,46566,977,4.32,323.3,2026-03-18T09:58:20
1,46641,978,4.36,324.2,2026-03-18T09:58:23
1,46671,979,4.28,321.1,2026-03-18T09:58:24
1,46732,980,4.22,319.5,2026-03-18T09:58:26
1,46824,981,4.3,323.1,2026-03-18T09:58:29
1,46885,982,4.3,322.4,2026-03-18T09:58:32
1,46913,983,4.24,319.6,2026-03-18T09:58:34
1,47004,984,4.36,324.3,2026-03-18T09:58:39
1,47034,985,4.24,319.0,2026-03-18T09:58:41
1,47078,986,4.2,318.0,2026-03-18T09:58:44
1,47160,987,4.08,315.1,2026-03-18T09:58:51
1,47248,988,4.18,318.5,2026-03-18T09:58:57
1,47303,989,4.12,316.7,2026-03-18T09:59:00
1,47340,990,4.04,313.0,2026-03-18T09:59:01
1,47409,991,4.08,314.0,2026-03-18T09:59:04
1,47472,992,4.08,314.8,2026-03-18T09:59:07
1,47520,993,4.06,314.2,2026-03-18T09:59:09
1,47591,994,4.08,314.1,2026-03-18T09:59:12
1,47633,995,4.0,310.8,2026-03-18T09:59:13
1,47677,996,3.82,306.1,2026-03-18T09:59:15
1,47711,997,3.72,302.6,2026-03-18T09:59:16
1,47783,998,3.66,300.6,2026-03-18T09:59:19
1,47817,999,3.64,300.2,2026-03-18T09:59:21
1,47866,1000,3.62,299.2,2026-03-18T09:59:23
1,47915,1001,3.64,299.5,2026-03-18T09:59:26
1,47961,1002,3.66,300.7,2026-03-18T09:59:28
1,48003,1003,3.64,300.0,2026-03-18T09:59:30
1,48087,1004,3.68,300.7,2026-03-18T09:59:34
1,48128,1005,3.62,298.4,2026-03-18T09:59:36
1,48211,1006,3.72,302.0,2026-03-18T09:59:40
1,48289,1007,3.74,302.9,2026-03-18T09:59:43
1,48362,1008,3.78,304.7,2026-03-18T09:59:46
1,48405,1009,3.78,305.0,2026-03-18T09:59:48
1,48456,1010,3.76,303.8,2026-03-18T09:59:50
1,48486,1011,3.64,299.1,2026-03-18T09:59:51
1,48529,1012,3.6,296.8,2026-03-18T09:59:53
1,48618,1013,3.7,301.7,2026-03-18T09:59:58
1,48718,1014,3.76,304.2,2026-03-18T10:00:04
1,48785,1015,3.82,306.8,2026-03-18T10:00:09
1,48848,1016,3.8,306.6,2026-03-18T10:00:14
1,48878,1017,3.78,305.8,2026-03-18T10:00:15
1,48947,1018,3.8,305.5,2026-03-18T10:00:18
1,49000,1019,3.84,307.0,2026-03-18T10:00:20
1,49094,1020,3.92,309.5,2026-03-18T10:00:25
1,49135,1021,3.76,303.2,2026-03-18T10:00:27
1,49167,1022,3.7,301.3,2026-03-18T10:00:29
1,49212,1023,3.62,298.7,2026-03-18T10:00:32
1,49278,1024,3.64,299.7,2026-03-18T10:00:34
1,49352,1025,3.66,300.9,2026-03-18T10:00:38
1,49444,1026,3.72,303.1,2026-03-18T10:00:42
1,49496,1027,3.74,304.5,2026-03-18T10:00:44
1,49535,1028,3.66,301.4,2026-03-18T10:00:46
1,49585,1029,3.7,303.1,2026-03-18T10:00:48
1,49606,1030,3.64,299.7,2026-03-18T10:00:49
1,49662,1031,3.56,296.4,2026-03-18T10:00:51
1,49789,1032,3.68,301.4,2026-03-18T10:00:57
1,49867,1033,3.78,305.4,2026-03-18T10:01:00
1,49953,1034,3.76,305.3,2026-03-18T10:01:03
1,50017,1035,3.82,308.4,2026-03-18T10:01:12
1,50051,1036,3.8,307.6,2026-03-18T10:01:14
1,50158,1037,3.86,309.5,2026-03-18T10:01:18
1,50222,1038,3.8,307.5,2026-03-18T10:01:20
1,50312,1039,3.88,310.0,2026-03-18T10:01:24
1,50391,1040,3.96,313.3,2026-03-18T10:01:27
1,50419,1041,3.88,310.4,2026-03-18T10:01:28
1,50511,1042,3.92,312.2,2026-03-18T10:01:32
1,50581,1043,3.96,314.3,2026-03-18T10:01:35
1,50642,1044,3.94,313.5,2026-03-18T10:01:38
1,50683,1045,3.94,313.2,2026-03-18T10:01:40
1,50708,1046,3.9,311.9,2026-03-18T10:01:41
1,50769,1047,3.94,313.9,2026-03-18T10:01:43
1,50838,1048,3.94,313.7,2026-03-18T10:01:46
1,50897,1049,4.0,315.9,2026-03-18T10:01:49
1,50982,1050,4.06,318.8,2026-03-18T10:01:53
1,51058,1051,4.1,320.6,2026-03-18T10:01:56
1,51124,1052,4.12,322.1,2026-03-18T10:01:58
1,51188,1053,4.18,323.4,2026-03-18T10:02:01
1,51278,1054,4.18,323.7,2026-03-18T10:02:05
1,51328,1055,4.2,324.5,2026-03-18T10:02:07
1,51405,1056,4.16,323.9,2026-03-18T10:02:11
1,51484,1057,4.18,323.7,2026-03-18T10:02:17
1,51535,1058,4.14,322.1,2026-03-18T10:02:21
1,51586,1059,4.16,322.7,2026-03-18T10:02:24
1,51634,1060,4.16,322.5,2026-03-18T10:02:26
1,51675,1061,4.18,323.4,2026-03-18T10:02:28
1,51724,1062,4.2,324.4,2026-03-18T10:02:30
1,51822,1063,4.22,325.6,2026-03-18T10:02:34
1,51858,1064,4.08,320.2,2026-03-18T10:02:35
1,51881,1065,3.98,316.3,2026-03-18T10:02:37
1,51960,1066,4.0,317.8,2026-03-18T10:02:40
1,52092,1067,4.2,325.6,2026-03-18T10:02:45
1,52147,1068,4.18,324.5,2026-03-18T10:02:47
1,52179,1069,4.14,323.0,2026-03-18T10:02:48
1,52211,1070,4.0,317.8,2026-03-18T10:02:50
1,52294,1071,4.06,321.4,2026-03-18T10:02:53
1,52378,1072,4.16,325.4,2026-03-18T10:02:57
1,52448,1073,4.22,327.4,2026-03-18T10:03:00
1,52509,1074,4.22,326.9,2026-03-18T10:03:03
1,52561,1075,4.18,325.1,2026-03-18T10:03:05
1,52632,1076,4.14,323.5,2026-03-18T10:03:07
1,52677,1077,4.12,322.8,2026-03-18T10:03:10
1,52730,1078,4.14,324.0,2026-03-18T10:03:12
1,52786,1079,4.14,324.4,2026-03-18T10:03:14
1,52807,1080,4.14,324.8,2026-03-18T10:03:15
1,52932,1081,4.28,330.7,2026-03-18T10:03:20
1,52989,1082,4.16,325.2,2026-03-18T10:03:22
1,53063,1083,4.14,325.3,2026-03-18T10:03:25
1,53102,1084,4.06,321.5,2026-03-18T10:03:26
1,53278,1085,4.38,330.5,2026-03-18T10:03:34
1,53340,1086,4.44,332.5,2026-03-18T10:03:37
1,53379,1087,4.3,327.1,2026-03-18T10:03:39
1,53455,1088,4.32,328.2,2026-03-18T10:03:42
1,53561,1089,4.36,329.7,2026-03-18T10:03:46
1,53586,1090,4.24,325.2,2026-03-18T10:03:47
1,53618,1091,4.24,325.4,2026-03-18T10:03:48
1,53692,1092,4.22,324.4,2026-03-18T10:03:51
1,53744,1093,4.18,322.7,2026-03-18T10:03:53
1,53796,1094,4.16,322.0,2026-03-18T10:03:55
1,53849,1095,4.18,323.0,2026-03-18T10:03:57
1,53931,1096,4.3,327.4,2026-03-18T10:04:00
1,53979,1097,4.3,326.6,2026-03-18T10:04:03
1,54065,1098,4.34,328.0,2026-03-18T10:04:06
1,54152,1099,4.38,330.1,2026-03-18T10:04:09
1,54207,1100,4.32,328.2,2026-03-18T10:04:11
1,54262,1101,4.28,327.0,2026-03-18T10:04:13
1,54345,1102,4.34,328.4,2026-03-18T10:04:16
1,54393,1103,4.28,327.5,2026-03-18T10:04:18
1,54472,1104,4.24,326.7,2026-03-18T10:04:21
1,54543,1105,4.28,328.3,2026-03-18T10:04:24
1,54614,1106,4.28,328.0,2026-03-18T10:04:27
1,54681,1107,4.24,327.2,2026-03-18T10:04:29
1,54734,1108,4.24,327.1,2026-03-18T10:04:31
1,54802,1109,4.28,328.3,2026-03-18T10:04:34
1,54914,1110,4.44,333.3,2026-03-18T10:04:38
1,54974,1111,4.46,334.7,2026-03-18T10:04:40
1,55072,1112,4.6,338.3,2026-03-18T10:04:43
1,55154,1113,4.58,336.8,2026-03-18T10:04:47
1,55222,1114,4.64,339.4,2026-03-18T10:04:49
1,55289,1115,4.72,342.8,2026-03-18T10:04:52
1,55387,1116,4.8,344.2,2026-03-18T10:04:55
1,55452,1117,4.68,339.0,2026-03-18T10:04:57
1,55482,1118,4.62,337.0,2026-03-18T10:04:59
1,55507,1119,4.6,336.0,2026-03-18T10:05:00
1,55539,1120,4.6,335.7,2026-03-18T10:05:01
1,55614,1121,4.6,335.2,2026-03-18T10:05:03
1,55652,1122,4.52,331.8,2026-03-18T10:05:05
1,55677,1123,4.42,328.1,2026-03-18T10:05:06
1,55702,1124,4.34,325.2,2026-03-18T10:05:07
1,55775,1125,4.36,326.6,2026-03-18T10:05:10
1,55831,1126,4.34,325.6,2026-03-18T10:05:12
1,55896,1127,4.38,327.2,2026-03-18T10:05:14
1,55928,1128,4.34,325.4,2026-03-18T10:05:15
1,56002,1129,4.4,326.6,2026-03-18T10:05:20
1,56064,1130,4.48,329.5,2026-03-18T10:05:23
1,56126,1131,4.36,324.4,2026-03-18T10:05:26
1,56187,1132,4.36,324.6,2026-03-18T10:05:30
1,56223,1133,4.28,321.2,2026-03-18T10:05:32
1,56295,1134,4.34,323.6,2026-03-18T10:05:36
1,56364,1135,4.04,314.9,2026-03-18T10:05:40
1,56447,1136,4.08,316.6,2026-03-18T10:05:46
1,56520,1137,4.14,319.0,2026-03-18T10:05:49
1,56600,1138,4.16,319.5,2026-03-18T10:05:54
1,56670,1139,4.08,316.4,2026-03-18T10:05:56
1,56760,1140,4.2,321.3,2026-03-18T10:06:00
1,56876,1141,4.42,328.0,2026-03-18T10:06:05
1,56935,1142,4.38,326.3,2026-03-18T10:06:08
1,57010,1143,4.44,328.0,2026-03-18T10:06:11
1,57047,1144,4.42,326.9,2026-03-18T10:06:13
1,57081,1145,4.38,325.4,2026-03-18T10:06:14
1,57183,1146,4.4,327.1,2026-03-18T10:06:18
1,57291,1147,4.5,331.9,2026-03-18T10:06:23
1,57342,1148,4.42,329.0,2026-03-18T10:06:25
1,57433,1149,4.44,329.2,2026-03-18T10:06:28
1,57486,1150,4.44,329.1,2026-03-18T10:06:31
1,57555,1151,4.48,329.9,2026-03-18T10:06:35
1,57650,1152,4.52,330.8,2026-03-18T10:06:41
1,57703,1153,4.54,331.2,2026-03-18T10:06:44
1,57818,1154,4.62,333.9,2026-03-18T10:06:51
1,57893,1155,4.62,334.4,2026-03-18T10:06:56
1,57956,1156,4.6,333.7,2026-03-18T10:06:59
1,58027,1157,4.62,334.1,2026-03-18T10:07:03
1,58059,1158,4.58,332.6,2026-03-18T10:07:05
1,58096,1159,4.52,330.6,2026-03-18T10:07:06
1,58180,1160,4.4,328.6,2026-03-18T10:07:11
1,58247,1161,4.44,329.2,2026-03-18T10:07:14
1,58302,1162,4.3,325.8,2026-03-18T10:07:17
1,58370,1163,4.28,324.7,2026-03-18T10:07:21
1,58519,1164,4.5,331.1,2026-03-18T10:07:27
1,58590,1165,4.52,331.6,2026-03-18T10:07:30
1,58657,1166,4.44,328.6,2026-03-18T10:07:33
1,58771,1167,4.54,333.0,2026-03-18T10:07:37
1,58849,1168,4.64,336.8,2026-03-18T10:07:39
1,58922,1169,4.76,340.8,2026-03-18T10:07:42
1,58974,1170,4.8,342.8,2026-03-18T10:07:44
1,59013,1171,4.74,339.9,2026-03-18T10:07:45
1,59105,1172,4.84,343.8,2026-03-18T10:07:48
1,59153,1173,4.9,345.5,2026-03-18T10:07:50
1,59187,1174,4.92,346.3,2026-03-18T10:07:51
1,59268,1175,4.96,346.9,2026-03-18T10:07:54
1,59357,1176,5.0,349.1,2026-03-18T10:07:58
1,59387,1177,4.94,346.6,2026-03-18T10:07:59
1,59491,1178,5.1,352.1,2026-03-18T10:08:02
1,59569,1179,5.1,352.5,2026-03-18T10:08:05
1,59649,1180,5.14,354.4,2026-03-18T10:08:08
1,59690,1181,5.1,352.7,2026-03-18T10:08:09
1,59756,1182,5.1,353.6,2026-03-18T10:08:11
1,59850,1183,5.22,358.6,2026-03-18T10:08:15
1,59925,1184,5.24,359.2,2026-03-18T10:08:17
1,60021,1185,5.28,361.2,2026-03-18T10:08:21
1,60059,1186,5.2,357.7,2026-03-18T10:08:22
1,60187,1187,5.36,362.4,2026-03-18T10:08:26
1,60260,1188,5.36,361.8,2026-03-18T10:08:29
1,60363,1189,5.4,364.8,2026-03-18T10:08:33
1,60473,1190,5.46,366.9,2026-03-18T10:08:37
1,60514,1191,5.26,360.8,2026-03-18T10:08:38
1,60592,1192,5.32,362.6,2026-03-18T10:08:41
1,60651,1193,5.28,361.6,2026-03-18T10:08:43
1,60713,1194,5.32,363.6,2026-03-18T10:08:45
1,60784,1195,5.4,366.5,2026-03-18T10:08:48
1,60814,1196,5.28,360.9,2026-03-18T10:08:49
1,60892,1197,5.24,358.3,2026-03-18T10:08:52
1,60965,1198,5.28,360.3,2026-03-18T10:08:54
1,61026,1199,5.22,357.9,2026-03-18T10:08:56
1,61070,1200,5.22,356.8,2026-03-18T10:08:58
1,61136,1201,5.2,356.5,2026-03-18T10:09:00
1,61221,1202,5.14,355.8,2026-03-18T10:09:03
1,61287,1203,5.18,356.9,2026-03-18T10:09:06
1,61340,1204,5.06,352.3,2026-03-18T10:09:07
1,61403,1205,5.04,351.4,2026-03-18T10:09:10
1,61488,1206,5.08,353.2,2026-03-18T10:09:13
1,61574,1207,5.1,354.7,2026-03-18T10:09:15
1,61662,1208,5.22,358.8,2026-03-18T10:09:18
1,61753,1209,5.32,363.1,2026-03-18T10:09:22
1,61837,1210,5.36,363.0,2026-03-18T10:09:25
1,61883,1211,5.32,361.5,2026-03-18T10:09:26
1,61964,1212,5.38,363.8,2026-03-18T10:09:29
1,62026,1213,5.36,363.1,2026-03-18T10:09:31
1,62095,1214,5.16,356.9,2026-03-18T10:09:34
1,62210,1215,5.24,360.3,2026-03-18T10:09:37
1,62249,1216,5.18,358.4,2026-03-18T10:09:39
1,62286,1217,5.02,351.7,2026-03-18T10:09:40
1,62364,1218,5.02,351.3,2026-03-18T10:09:43
1,62459,1219,5.06,353.0,2026-03-18T10:09:46
1,62561,1220,5.18,356.6,2026-03-18T10:09:50
1,62647,1221,5.26,359.9,2026-03-18T10:09:53
1,62734,1222,5.24,359.8,2026-03-18T10:09:56
1,62808,1223,5.28,362.2,2026-03-18T10:09:59
1,62874,1224,5.36,364.8,2026-03-18T10:10:02
1,62969,1225,5.4,365.9,2026-03-18T10:10:07
1,63026,1226,5.36,363.6,2026-03-18T10:10:10
1,63107,1227,5.46,367.3,2026-03-18T10:10:13
1,63210,1228,5.46,367.6,2026-03-18T10:10:17
1,63280,1229,5.48,366.7,2026-03-18T10:10:20
1,63367,1230,5.5,367.2,2026-03-18T10:10:24
1,63460,1231,5.6,371.5,2026-03-18T10:10:27
1,63599,1232,5.74,377.0,2026-03-18T10:10:32
1,63656,1233,5.68,374.0,2026-03-18T10:10:34
1,63789,1234,5.76,378.5,2026-03-18T10:10:39
1,63851,1235,5.7,375.8,2026-03-18T10:10:41
1,63924,1236,5.76,378.7,2026-03-18T10:10:44
1,63963,1237,5.54,371.4,2026-03-18T10:10:46
1,64029,1238,5.52,371.0,2026-03-18T10:10:49
1,64144,1239,5.6,372.0,2026-03-18T10:10:53
1,64199,1240,5.48,367.1,2026-03-18T10:10:56
1,64335,1241,5.72,374.6,2026-03-18T10:11:01
1,64381,1242,5.66,371.8,2026-03-18T10:11:03
1,64469,1243,5.7,374.0,2026-03-18T10:11:07
1,64513,1244,5.68,372.4,2026-03-18T10:11:08
1,64636,1245,5.82,376.9,2026-03-18T10:11:12
1,64698,1246,5.88,379.1,2026-03-18T10:11:15
1,64776,1247,5.88,379.2,2026-03-18T10:11:17
1,64852,1248,5.9,379.4,2026-03-18T10:11:20
1,64931,1249,5.94,381.0,2026-03-18T10:11:23
1,64986,1250,5.94,381.9,2026-03-18T10:11:25
1,65039,1251,5.92,380.9,2026-03-18T10:11:27
1,65128,1252,5.94,380.7,2026-03-18T10:11:33
1,65230,1253,6.0,383.5,2026-03-18T10:11:39
1,65315,1254,6.06,385.6,2026-03-18T10:11:42
1,65354,1255,6.02,383.6,2026-03-18T10:11:44
1,65440,1256,6.02,383.6,2026-03-18T10:11:47
1,65513,1257,6.0,382.5,2026-03-18T10:11:51
1,65581,1258,5.96,381.3,2026-03-18T10:11:55
1,65637,1259,5.9,378.4,2026-03-18T10:11:58
1,65704,1260,5.84,377.1,2026-03-18T10:12:01
1,65762,1261,5.86,378.0,2026-03-18T10:12:04
1,65794,1262,5.76,373.5,2026-03-18T10:12:05
1,65890,1263,5.82,376.3,2026-03-18T10:12:09
1,65978,1264,5.9,377.7,2026-03-18T10:12:14
1,66054,1265,5.84,374.9,2026-03-18T10:12:19
1,66114,1266,5.86,376.8,2026-03-18T10:12:22
1,66154,1267,5.86,377.5,2026-03-18T10:12:24
1,66256,1268,5.88,379.5,2026-03-18T10:12:29
1,66368,1269,5.96,381.3,2026-03-18T10:12:35
1,66389,1270,5.78,375.3,2026-03-18T10:12:37
1,66463,1271,5.76,374.7,2026-03-18T10:12:40
1,66551,1272,5.82,374.6,2026-03-18T10:12:43
1,66608,1273,5.8,373.5,2026-03-18T10:12:46
1,66709,1274,5.84,376.4,2026-03-18T10:12:52
1,66766,1275,5.76,373.3,2026-03-18T10:12:56
1,66848,1276,5.82,375.5,2026-03-18T10:13:00
1,66915,1277,5.8,374.6,2026-03-18T10:13:03
1,66952,1278,5.66,368.9,2026-03-18T10:13:05
1,67031,1279,5.66,369.7,2026-03-18T10:13:09
1,67072,1280,5.56,365.8,2026-03-18T10:13:11
1,67173,1281,5.56,366.3,2026-03-18T10:13:17
1,67237,1282,5.44,360.4,2026-03-18T10:13:21
1,67329,1283,5.5,362.8,2026-03-18T10:13:26
1,67388,1284,5.38,356.9,2026-03-18T10:13:28
1,67491,1285,5.46,360.4,2026-03-18T10:13:34
1,67587,1286,5.56,362.4,2026-03-18T10:13:39
1,67665,1287,5.64,365.3,2026-03-18T10:13:43
1,67755,1288,5.68,366.7,2026-03-18T10:13:47
1,67789,1289,5.48,359.8,2026-03-18T10:13:50
1,67826,1290,5.46,358.5,2026-03-18T10:13:52
1,67908,1291,5.34,354.0,2026-03-18T10:13:57
1,67927,1292,5.28,351.9,2026-03-18T10:13:58
1,68005,1293,5.28,351.0,2026-03-18T10:14:05
1,68092,1294,5.36,354.6,2026-03-18T10:14:14
1,68157,1295,5.22,350.0,2026-03-18T10:14:20
1,68241,1296,5.26,351.9,2026-03-18T10:14:28
1,68315,1297,5.24,351.5,2026-03-18T10:14:33
1,68415,1298,5.28,353.3,2026-03-18T10:14:40
1,68502,1299,5.3,353.6,2026-03-18T10:14:44
1,68566,1300,5.32,354.2,2026-03-18T10:14:47
1,68609,1301,5.3,353.8,2026-03-18T10:14:49
1,68680,1302,5.26,352.9,2026-03-18T10:14:51
1,68766,1303,5.28,351.6,2026-03-18T10:14:55
1,68870,1304,5.32,353.3,2026-03-18T10:15:00
1,68957,1305,5.42,357.2,2026-03-18T10:15:03
1,69018,1306,5.38,354.9,2026-03-18T10:15:07
1,69078,1307,5.36,353.7,2026-03-18T10:15:09
1,69137,1308,5.34,352.6,2026-03-18T10:15:12
1,69203,1309,5.36,353.1,2026-03-18T10:15:16
1,69301,1310,5.48,355.4,2026-03-18T10:15:23
1,69322,1311,5.4,352.5,2026-03-18T10:15:24
1,69354,1312,5.4,352.9,2026-03-18T10:15:26
1,69454,1313,5.42,353.4,2026-03-18T10:15:31
1,69515,1314,5.32,351.1,2026-03-18T10:15:35
1,69595,1315,5.34,351.1,2026-03-18T10:15:40
1,69682,1316,5.4,352.7,2026-03-18T10:15:44
1,69733,1317,5.42,353.0,2026-03-18T10:15:48
1,69801,1318,5.38,350.6,2026-03-18T10:15:53
1,69870,1319,5.24,346.8,2026-03-18T10:15:59
1,69940,1320,5.32,350.6,2026-03-18T10:16:02
1,70049,1321,5.4,353.1,2026-03-18T10:16:09
1,70115,1322,5.32,351.3,2026-03-18T10:16:14
1,70233,1323,5.46,356.1,2026-03-18T10:16:22
1,70300,1324,5.4,353.2,2026-03-18T10:16:26
1,70362,1325,5.4,353.9,2026-03-18T10:16:31
1,70381,1326,5.26,348.3,2026-03-18T10:16:32
1,70452,1327,5.26,348.4,2026-03-18T10:16:36
1,70524,1328,5.32,351.1,2026-03-18T10:16:40
1,70598,1329,5.28,350.8,2026-03-18T10:16:44
1,70663,1330,5.34,353.0,2026-03-18T10:16:47
1,70783,1331,5.4,354.4,2026-03-18T10:16:53
1,70871,1332,5.44,356.2,2026-03-18T10:16:57
1,71014,1333,5.54,360.5,2026-03-18T10:17:04
1,71085,1334,5.56,361.3,2026-03-18T10:17:09
1,71160,1335,5.5,359.1,2026-03-18T10:17:14
1,71241,1336,5.4,357.4,2026-03-18T10:17:18
1,71336,1337,5.44,358.8,2026-03-18T10:17:24
1,71418,1338,5.42,358.4,2026-03-18T10:17:28
1,71479,1339,5.48,361.0,2026-03-18T10:17:31
1,71577,1340,5.6,366.0,2026-03-18T10:17:36
1,71692,1341,5.62,369.2,2026-03-18T10:17:42
1,71759,1342,5.72,373.2,2026-03-18T10:17:46
1,71830,1343,5.7,372.8,2026-03-18T10:17:50
1,71902,1344,5.66,371.8,2026-03-18T10:17:53
1,71965,1345,5.64,371.6,2026-03-18T10:17:57
1,72074,1346,5.68,373.6,2026-03-18T10:18:03
1,72111,1347,5.62,370.6,2026-03-18T10:18:05
1,72149,1348,5.5,365.9,2026-03-18T10:18:07
1,72242,1349,5.48,366.3,2026-03-18T10:18:12
1,72303,1350,5.48,366.2,2026-03-18T10:18:16
1,72360,1351,5.52,367.3,2026-03-18T10:18:19
1,72445,1352,5.56,368.4,2026-03-18T10:18:24
1,72532,1353,5.5,368.2,2026-03-18T10:18:28
1,72571,1354,5.38,362.8,2026-03-18T10:18:31
1,72659,1355,5.38,363.0,2026-03-18T10:18:36
1,72705,1356,5.34,361.9,2026-03-18T10:18:40
1,72805,1357,5.4,364.9,2026-03-18T10:18:46
1,72867,1358,5.42,365.1,2026-03-18T10:18:52
1,72931,1359,5.42,365.3,2026-03-18T10:18:56
1,73018,1360,5.34,364.2,2026-03-18T10:19:01
1,73157,1361,5.56,374.0,2026-03-18T10:19:09
1,73239,1362,5.64,378.1,2026-03-18T10:19:13
1,73287,1363,5.54,374.2,2026-03-18T10:19:17
1,73349,1364,5.56,374.1,2026-03-18T10:19:23
1,73415,1365,5.52,372.9,2026-03-18T10:19:29
1,73543,1366,5.66,376.6,2026-03-18T10:19:41
1,73608,1367,5.7,378.3,2026-03-18T10:19:44
1,73672,1368,5.7,378.0,2026-03-18T10:19:48
1,73771,1369,5.78,380.8,2026-03-18T10:19:53
1,73893,1370,5.96,385.0,2026-03-18T10:19:58
1,73980,1371,5.9,383.7,2026-03-18T10:20:02
1,74046,1372,5.9,383.7,2026-03-18T10:20:04
1,74119,1373,5.78,379.7,2026-03-18T10:20:08
1,74195,1374,5.82,380.3,2026-03-18T10:20:11
1,74307,1375,5.92,384.3,2026-03-18T10:20:16
1,74446,1376,6.16,394.4,2026-03-18T10:20:22
1,74523,1377,6.16,395.3,2026-03-18T10:20:26
1,74544,1378,6.06,391.7,2026-03-18T10:20:27
1,74643,1379,6.12,393.7,2026-03-18T10:20:31
1,74780,1380,6.28,399.1,2026-03-18T10:20:38
1,74900,1381,6.3,399.2,2026-03-18T10:20:43
1,74974,1382,6.28,398.4,2026-03-18T10:20:48
1,75021,1383,6.1,390.9,2026-03-18T10:20:56
1,75078,1384,6.06,390.1,2026-03-18T10:20:59
1,75124,1385,6.02,387.5,2026-03-18T10:21:01
1,75207,1386,6.12,388.0,2026-03-18T10:21:05
1,75292,1387,6.1,387.6,2026-03-18T10:21:08
1,75360,1388,6.08,386.4,2026-03-18T10:21:12
1,75450,1389,6.14,388.7,2026-03-18T10:21:17
1,75544,1390,6.14,388.7,2026-03-18T10:21:22
1,75636,1391,6.1,386.7,2026-03-18T10:21:25
1,75714,1392,6.12,387.7,2026-03-18T10:21:29
1,75776,1393,6.1,386.7,2026-03-18T10:21:32
1,75857,1394,6.12,387.6,2026-03-18T10:21:36
1,75949,1395,6.24,389.8,2026-03-18T10:21:39
1,76042,1396,6.22,388.3,2026-03-18T10:21:43
1,76068,1397,6.2,387.4,2026-03-18T10:21:44
1,76158,1398,6.3,391.6,2026-03-18T10:21:48
1,76266,1399,6.34,393.0,2026-03-18T10:21:53
1,76349,1400,6.38,395.1,2026-03-18T10:21:59
1,76445,1401,6.5,397.7,2026-03-18T10:22:06
1,76545,1402,6.54,399.1,2026-03-18T10:22:13
1,76612,1403,6.52,397.5,2026-03-18T10:22:19
1,76691,1404,6.58,401.2,2026-03-18T10:22:23
1,76767,1405,6.56,400.3,2026-03-18T10:22:27
1,76846,1406,6.64,402.8,2026-03-18T10:22:31
1,76884,1407,6.54,398.2,2026-03-18T10:22:32
1,76957,1408,6.56,399.1,2026-03-18T10:22:36
1,77030,1409,6.58,399.3,2026-03-18T10:22:41
1,77099,1410,6.56,398.2,2026-03-18T10:22:45
1,77147,1411,6.4,390.8,2026-03-18T10:22:47
1,77227,1412,6.42,390.4,2026-03-18T10:22:50
1,77293,1413,6.46,391.4,2026-03-18T10:22:54
1,77355,1414,6.44,391.9,2026-03-18T10:22:56
1,77456,1415,6.5,394.8,2026-03-18T10:23:00
1,77553,1416,6.4,392.1,2026-03-18T10:23:04
1,77666,1417,6.48,395.9,2026-03-18T10:23:09
1,77789,1418,6.58,400.7,2026-03-18T10:23:15
1,77853,1419,6.5,397.5,2026-03-18T10:23:18
1,77936,1420,6.36,394.2,2026-03-18T10:23:21
1,78038,1421,6.42,395.0,2026-03-18T10:23:26
1,78138,1422,6.5,397.9,2026-03-18T10:23:31
1,78195,1423,6.48,396.7,2026-03-18T10:23:34
1,78287,1424,6.56,398.2,2026-03-18T10:23:38
1,78374,1425,6.56,396.1,2026-03-18T10:23:42
1,78431,1426,6.4,389.7,2026-03-18T10:23:44
1,78466,1427,6.34,385.7,2026-03-18T10:23:46
1,78580,1428,6.52,392.6,2026-03-18T10:23:51
1,78683,1429,6.54,392.7,2026-03-18T10:23:56
1,78760,1430,6.4,388.3,2026-03-18T10:23:59
1,78833,1431,6.3,384.9,2026-03-18T10:24:03
1,78909,1432,6.3,385.1,2026-03-18T10:24:07
1,78986,1433,6.36,387.2,2026-03-18T10:24:10
1,79091,1434,6.48,391.1,2026-03-18T10:24:14
1,79172,1435,6.56,394.3,2026-03-18T10:24:18
1,79297,1436,6.58,397.5,2026-03-18T10:24:24
1,79375,1437,6.58,396.7,2026-03-18T10:24:28
1,79434,1438,6.56,395.8,2026-03-18T10:24:32
1,79542,1439,6.6,396.8,2026-03-18T10:24:38
1,79637,1440,6.6,396.9,2026-03-18T10:24:42
1,79700,1441,6.54,394.3,2026-03-18T10:24:46
1,79788,1442,6.54,394.8,2026-03-18T10:24:50
1,79881,1443,6.62,397.3,2026-03-18T10:24:55
1,79949,1444,6.6,395.8,2026-03-18T10:24:58
1,80037,1445,6.54,395.7,2026-03-18T10:25:02
1,80118,1446,6.54,394.7,2026-03-18T10:25:06
1,80167,1447,6.58,396.8,2026-03-18T10:25:09
1,80231,1448,6.54,394.7,2026-03-18T10:25:14
1,80300,1449,6.48,391.8,2026-03-18T10:25:17
1,80377,1450,6.46,391.1,2026-03-18T10:25:21
1,80467,1451,6.4,391.0,2026-03-18T10:25:25
1,80569,1452,6.42,391.0,2026-03-18T10:25:31
1,80633,1453,6.42,391.0,2026-03-18T10:25:33
1,80728,1454,6.46,392.2,2026-03-18T10:25:39
1,80836,1455,6.5,394.5,2026-03-18T10:25:43
1,80961,1456,6.6,398.5,2026-03-18T10:25:49
1,81051,1457,6.72,402.4,2026-03-18T10:25:55
1,81117,1458,6.7,402.2,2026-03-18T10:25:59
1,81216,1459,6.74,404.8,2026-03-18T10:26:05
1,81246,1460,6.66,401.9,2026-03-18T10:26:06
1,81329,1461,6.74,404.5,2026-03-18T10:26:10
1,81455,1462,6.84,408.2,2026-03-18T10:26:16
1,81571,1463,6.92,412.7,2026-03-18T10:26:23
1,81628,1464,6.92,412.1,2026-03-18T10:26:25
1,81726,1465,6.92,412.2,2026-03-18T10:26:30
1,81836,1466,6.94,413.1,2026-03-18T10:26:35
1,81901,1467,6.84,408.8,2026-03-18T10:26:38
1,81987,1468,6.76,405.8,2026-03-18T10:26:44
1,82034,1469,6.72,404.5,2026-03-18T10:26:46
1,82071,1470,6.64,400.9,2026-03-18T10:26:47
1,82165,1471,6.66,400.1,2026-03-18T10:26:52
1,82273,1472,6.66,400.3,2026-03-18T10:26:56
1,82377,1473,6.76,404.1,2026-03-18T10:27:01
1,82434,1474,6.64,401.3,2026-03-18T10:27:03
1,82512,1475,6.56,400.4,2026-03-18T10:27:06
1,82641,1476,6.7,406.0,2026-03-18T10:27:11
1,82714,1477,6.78,409.2,2026-03-18T10:27:16
1,82797,1478,6.74,407.1,2026-03-18T10:27:20
1,82877,1479,6.7,405.7,2026-03-18T10:27:23
1,82955,1480,6.7,405.7,2026-03-18T10:27:26
1,83033,1481,6.7,405.8,2026-03-18T10:27:29
1,83143,1482,6.74,408.3,2026-03-18T10:27:35
1,83241,1483,6.78,409.9,2026-03-18T10:27:39
1,83334,1484,6.74,409.0,2026-03-18T10:27:42
1,83408,1485,6.72,408.6,2026-03-18T10:27:45
1,83503,1486,6.66,406.5,2026-03-18T10:27:49
1,83606,1487,6.7,408.9,2026-03-18T10:27:55
1,83716,1488,6.8,413.2,2026-03-18T10:28:00
1,83753,1489,6.66,407.7,2026-03-18T10:28:01
1,83821,1490,6.68,405.4,2026-03-18T10:28:04
1,83899,1491,6.72,407.1,2026-03-18T10:28:08
1,84006,1492,6.78,408.9,2026-03-18T10:28:13
1,84132,1493,6.84,411.9,2026-03-18T10:28:18
1,84217,1494,6.88,413.5,2026-03-18T10:28:23
1,84304,1495,6.88,413.3,2026-03-18T10:28:27
1,84462,1496,7.08,419.6,2026-03-18T10:28:34
1,84557,1497,7.18,423.3,2026-03-18T10:28:37
1,84651,1498,7.22,425.7,2026-03-18T10:28:41
1,84798,1499,7.36,431.7,2026-03-18T10:28:47
1,84880,1500,7.38,431.9,2026-03-18T10:28:51
1,84989,1501,7.4,433.2,2026-03-18T10:28:55
1,85074,1502,7.34,431.9,2026-03-18T10:28:58
1,85189,1503,7.42,436.0,2026-03-18T10:29:03
1,85267,1504,7.4,434.2,2026-03-18T10:29:06
1,85404,1505,7.5,436.6,2026-03-18T10:29:11
1,85527,1506,7.5,436.6,2026-03-18T10:29:16
1,85622,1507,7.52,437.3,2026-03-18T10:29:20
1,85748,1508,7.74,441.9,2026-03-18T10:29:25
1,85878,1509,7.84,444.0,2026-03-18T10:29:30
1,85985,1510,8.0,449.7,2026-03-18T10:29:35
1,86094,1511,8.06,451.9,2026-03-18T10:29:40
1,86277,1512,8.28,456.6,2026-03-18T10:29:47
1,86389,1513,8.34,456.3,2026-03-18T10:29:52
1,86494,1514,8.42,459.8,2026-03-18T10:29:57
1,86570,1515,8.38,457.8,2026-03-18T10:30:00
1,86713,1516,8.46,460.3,2026-03-18T10:30:06
1,86857,1517,8.62,466.7,2026-03-18T10:30:12
1,86917,1518,8.58,464.6,2026-03-18T10:30:15
1,87008,1519,8.66,467.9,2026-03-18T10:30:19
1,87119,1520,8.78,473.9,2026-03-18T10:30:24
1,87158,1521,8.62,470.1,2026-03-18T10:30:26
1,87264,1522,8.62,470.2,2026-03-18T10:30:30
1,87370,1523,8.64,470.3,2026-03-18T10:30:34
1,87468,1524,8.7,473.3,2026-03-18T10:30:38
1,87579,1525,8.76,476.0,2026-03-18T10:30:42
1,87673,1526,8.7,472.8,2026-03-18T10:30:47
1,87773,1527,8.76,474.8,2026-03-18T10:30:51
1,87826,1528,8.7,472.4,2026-03-18T10:30:53
1,87933,1529,8.74,474.5,2026-03-18T10:30:57
1,88044,1530,8.8,477.2,2026-03-18T10:31:01
1,88142,1531,8.84,479.0,2026-03-18T10:31:06
1,88281,1532,8.92,481.4,2026-03-18T10:31:13
1,88405,1533,8.98,483.8,2026-03-18T10:31:19
1,88492,1534,8.98,483.2,2026-03-18T10:31:24
1,88582,1535,9.0,483.9,2026-03-18T10:31:29
1,88648,1536,8.92,481.4,2026-03-18T10:31:33
1,88745,1537,8.9,480.7,2026-03-18T10:31:37
1,88858,1538,8.9,481.0,2026-03-18T10:31:43
1,88936,1539,8.98,483.9,2026-03-18T10:31:47
1,89007,1540,8.92,484.2,2026-03-18T10:31:51
1,89121,1541,9.06,486.5,2026-03-18T10:31:57
1,89207,1542,9.06,485.0,2026-03-18T10:32:00
1,89310,1543,9.06,483.0,2026-03-18T10:32:06
1,89415,1544,9.08,484.7,2026-03-18T10:32:10
1,89514,1545,9.16,485.7,2026-03-18T10:32:14
1,89613,1546,8.98,481.2,2026-03-18T10:32:18
1,89706,1547,8.98,481.0,2026-03-18T10:32:22
1,89816,1548,9.08,482.2,2026-03-18T10:32:26
1,89902,1549,8.98,477.5,2026-03-18T10:32:30
1,90049,1550,9.18,482.7,2026-03-18T10:32:35
1,90162,1551,9.22,482.9,2026-03-18T10:32:40
1,90276,1552,9.28,485.0,2026-03-18T10:32:45
1,90403,1553,9.3,486.0,2026-03-18T10:32:50
1,90443,1554,9.22,483.3,2026-03-18T10:32:51
1,90552,1555,9.12,481.1,2026-03-18T10:32:56
1,90687,1556,9.16,481.8,2026-03-18T10:33:01
1,90765,1557,9.12,480.2,2026-03-18T10:33:04
1,90855,1558,8.94,477.6,2026-03-18T10:33:07
1,90960,1559,8.86,476.0,2026-03-18T10:33:12
1,91043,1560,8.82,474.5,2026-03-18T10:33:15
1,91137,1561,8.78,473.4,2026-03-18T10:33:23
1,91226,1562,8.46,465.9,2026-03-18T10:33:29
1,91324,1563,8.4,464.8,2026-03-18T10:33:33
1,91436,1564,8.46,465.3,2026-03-18T10:33:39
1,91512,1565,8.46,465.3,2026-03-18T10:33:42
1,91629,1566,8.38,463.6,2026-03-18T10:33:48
1,91705,1567,8.24,458.5,2026-03-18T10:33:52
1,91814,1568,8.34,462.2,2026-03-18T10:33:56
1,91909,1569,8.36,462.9,2026-03-18T10:34:01
1,92072,1570,8.54,466.7,2026-03-18T10:34:09
1,92185,1571,8.68,472.6,2026-03-18T10:34:15
1,92318,1572,8.78,474.5,2026-03-18T10:34:23
1,92398,1573,8.7,472.7,2026-03-18T10:34:28
1,92490,1574,8.76,472.7,2026-03-18T10:34:32
1,92635,1575,8.9,475.3,2026-03-18T10:34:40
1,92721,1576,8.88,475.0,2026-03-18T10:34:44
1,92850,1577,9.16,477.7,2026-03-18T10:34:49
1,92942,1578,9.22,480.7,2026-03-18T10:34:53
1,93068,1579,9.32,482.0,2026-03-18T10:34:59
1,93167,1580,9.3,480.9,2026-03-18T10:35:05
1,93280,1581,9.34,482.2,2026-03-18T10:35:09
1,93395,1582,9.36,480.5,2026-03-18T10:35:14
1,93489,1583,9.28,478.0,2026-03-18T10:35:18
1,93582,1584,9.3,478.1,2026-03-18T10:35:22
1,93700,1585,9.38,480.5,2026-03-18T10:35:27
1,93771,1586,9.4,480.7,2026-03-18T10:35:31
1,93877,1587,9.42,481.5,2026-03-18T10:35:36
1,93973,1588,9.42,480.4,2026-03-18T10:35:40
1,94114,1589,9.58,486.0,2026-03-18T10:35:46
1,94224,1590,9.64,489.0,2026-03-18T10:35:50
1,94337,1591,9.58,489.2,2026-03-18T10:35:56
1,94449,1592,9.58,490.8,2026-03-18T10:36:02
1,94516,1593,9.46,487.8,2026-03-18T10:36:06
1,94611,1594,9.46,486.8,2026-03-18T10:36:12
1,94698,1595,9.38,485.5,2026-03-18T10:36:16
1,94811,1596,9.42,486.7,2026-03-18T10:36:21
1,94965,1597,9.58,491.7,2026-03-18T10:36:33
1,95109,1598,9.64,494.7,2026-03-18T10:36:39
1,95255,1599,9.74,499.4,2026-03-18T10:36:46
1,95327,1600,9.52,493.3,2026-03-18T10:36:50
1,95424,1601,9.46,492.3,2026-03-18T10:36:54
1,95586,1602,9.52,496.2,2026-03-18T10:37:00
1,95732,1603,9.56,497.5,2026-03-18T10:37:07
1,95851,1604,9.78,503.4,2026-03-18T10:37:14
1,95951,1605,9.78,502.6,2026-03-18T10:37:21
1,96105,1606,9.78,504.5,2026-03-18T10:37:30
1,96220,1607,9.84,507.4,2026-03-18T10:37:36
1,96345,1608,9.98,509.6,2026-03-18T10:37:41
1,96492,1609,10.08,512.8,2026-03-18T10:37:51
1,96601,1610,10.12,514.4,2026-03-18T10:37:57
1,96727,1611,10.16,517.0,2026-03-18T10:38:04
1,96788,1612,10.14,514.6,2026-03-18T10:38:06
1,96940,1613,10.26,519.0,2026-03-18T10:38:13
1,97074,1614,10.26,521.0,2026-03-18T10:38:20
1,97213,1615,10.38,526.2,2026-03-18T10:38:27
1,97308,1616,10.36,524.6,2026-03-18T10:38:32
1,97447,1617,10.52,529.5,2026-03-18T10:38:39
1,97581,1618,10.62,531.8,2026-03-18T10:38:46
1,97742,1619,10.7,537.0,2026-03-18T10:38:54
1,97854,1620,10.56,533.5,2026-03-18T10:38:58
1,98028,1621,10.72,538.2,2026-03-18T10:39:05
1,98098,1622,10.54,533.4,2026-03-18T10:39:09
1,98215,1623,10.62,536.2,2026-03-18T10:39:16
1,98330,1624,10.62,537.7,2026-03-18T10:39:22
1,98445,1625,10.5,535.7,2026-03-18T10:39:28
1,98564,1626,10.56,538.4,2026-03-18T10:39:33
1,98673,1627,10.3,536.8,2026-03-18T10:39:39
1,98799,1628,10.38,539.7,2026-03-18T10:39:46
1,98865,1629,10.2,535.0,2026-03-18T10:39:50
1,98979,1630,10.22,536.3,2026-03-18T10:39:56
1,99063,1631,10.14,533.7,2026-03-18T10:39:59
1,99192,1632,10.08,534.7,2026-03-18T10:40:04
1,99293,1633,10.1,535.3,2026-03-18T10:40:11
1,99357,1634,10.04,533.5,2026-03-18T10:40:15
1,99482,1635,10.04,534.3,2026-03-18T10:40:28
1,99580,1636,10.12,536.4,2026-03-18T10:40:33
1,99597,1637,9.94,529.1,2026-03-18T10:40:35
1,99692,1638,9.92,528.9,2026-03-18T10:40:39
1,99831,1639,9.96,528.6,2026-03-18T10:40:46
1,99918,1640,9.92,526.9,2026-03-18T10:40:50
1,100020,1641,9.9,525.8,2026-03-18T10:41:03
1,100115,1642,9.88,524.6,2026-03-18T10:41:07
1,100236,1643,9.98,528.9,2026-03-18T10:41:13
1,100331,1644,9.98,529.0,2026-03-18T10:41:18
1,100466,1645,10.06,533.3,2026-03-18T10:41:24
1,100584,1646,10.08,533.6,2026-03-18T10:41:29
1,100700,1647,9.96,530.1,2026-03-18T10:41:34
1,100812,1648,9.86,527.2,2026-03-18T10:41:39
1,100897,1649,9.76,522.1,2026-03-18T10:41:43
1,101037,1650,9.9,528.0,2026-03-18T10:41:50
1,101163,1651,10.04,530.3,2026-03-18T10:41:55
1,101331,1652,10.12,530.6,2026-03-18T10:42:04
1,101450,1653,10.08,528.4,2026-03-18T10:42:09
1,101552,1654,10.0,527.2,2026-03-18T10:42:14
1,101639,1655,9.96,526.1,2026-03-18T10:42:18
1,101808,1656,10.04,527.0,2026-03-18T10:42:26
1,101952,1657,10.06,529.8,2026-03-18T10:42:32
1,102071,1658,9.98,529.3,2026-03-18T10:42:37
1,102247,1659,10.14,531.7,2026-03-18T10:42:45
1,102370,1660,10.24,533.1,2026-03-18T10:42:50
1,102475,1661,10.2,531.4,2026-03-18T10:42:54
1,102600,1662,10.48,536.5,2026-03-18T10:43:00
1,102695,1663,10.34,531.6,2026-03-18T10:43:04
1,102835,1664,10.42,532.1,2026-03-18T10:43:10
1,102990,1665,10.5,533.3,2026-03-18T10:43:17
1,103102,1666,10.54,534.1,2026-03-18T10:43:21
1,103218,1667,10.54,532.3,2026-03-18T10:43:26
1,103332,1668,10.46,530.3,2026-03-18T10:43:31
1,103446,1669,10.4,526.3,2026-03-18T10:43:36
1,103596,1670,10.54,528.8,2026-03-18T10:43:43
1,103715,1671,10.4,524.1,2026-03-18T10:43:48
1,103818,1672,10.48,526.5,2026-03-18T10:43:52
1,103951,1673,10.54,528.0,2026-03-18T10:43:58
1,104049,1674,10.52,526.9,2026-03-18T10:44:02
1,104144,1675,10.52,525.5,2026-03-18T10:44:06
1,104238,1676,10.48,523.6,2026-03-18T10:44:10
1,104349,1677,10.48,523.8,2026-03-18T10:44:15
1,104494,1678,10.64,525.0,2026-03-18T10:44:21
1,104629,1679,10.82,530.2,2026-03-18T10:44:27
1,104732,1680,10.82,529.4,2026-03-18T10:44:31
1,104850,1681,10.96,532.0,2026-03-18T10:44:37
1,105003,1682,11.12,533.9,2026-03-18T10:44:44
1,105097,1683,11.1,532.9,2026-03-18T10:44:48
1,105198,1684,11.18,535.3,2026-03-18T10:44:54
1,105322,1685,11.24,535.0,2026-03-18T10:44:59
1,105431,1686,11.26,536.2,2026-03-18T10:45:05
1,105565,1687,11.52,545.8,2026-03-18T10:45:10
1,105719,1688,11.68,550.4,2026-03-18T10:45:17
1,105859,1689,11.6,550.1,2026-03-18T10:45:23
1,106012,1690,11.78,555.4,2026-03-18T10:45:32
1,106094,1691,11.74,554.3,2026-03-18T10:45:36
1,106212,1692,11.78,556.5,2026-03-18T10:45:40
1,106323,1693,11.84,555.9,2026-03-18T10:45:45
1,106436,1694,11.88,557.5,2026-03-18T10:45:49
1,106556,1695,11.86,556.2,2026-03-18T10:45:53
1,106639,1696,11.78,553.6,2026-03-18T10:45:57
1,106746,1697,11.76,553.4,2026-03-18T10:46:02
1,106864,1698,11.78,554.3,2026-03-18T10:46:09
1,107039,1699,11.94,561.7,2026-03-18T10:46:21
1,107136,1700,11.86,558.0,2026-03-18T10:46:26
1,107286,1701,11.96,560.2,2026-03-18T10:46:35
1,107431,1702,11.92,558.8,2026-03-18T10:46:42
1,107560,1703,11.96,559.4,2026-03-18T10:46:52
1,107714,1704,12.22,563.4,2026-03-18T10:47:00
1,107808,1705,12.26,563.9,2026-03-18T10:47:05
1,107928,1706,12.24,560.1,2026-03-18T10:47:10
1,108069,1707,12.26,559.8,2026-03-18T10:47:17
1,108218,1708,12.46,562.6,2026-03-18T10:47:25
1,108383,1709,12.4,561.5,2026-03-18T10:47:33
1,108570,1710,12.54,566.8,2026-03-18T10:47:43
1,108641,1711,12.48,564.0,2026-03-18T10:47:49
1,108741,1712,12.26,561.9,2026-03-18T10:47:58
1,108813,1713,12.2,560.3,2026-03-18T10:48:04
1,108941,1714,12.14,559.3,2026-03-18T10:48:11
1,109025,1715,12.0,553.5,2026-03-18T10:48:15
1,109140,1716,12.0,553.9,2026-03-18T10:48:20
1,109258,1717,11.96,553.7,2026-03-18T10:48:26
1,109330,1718,11.86,550.9,2026-03-18T10:48:30
1,109504,1719,11.98,556.2,2026-03-18T10:48:39
1,109647,1720,11.94,555.8,2026-03-18T10:48:49
1,109746,1721,11.9,554.5,2026-03-18T10:48:55
1,109900,1722,12.14,558.7,2026-03-18T10:49:02
1,110023,1723,12.1,557.8,2026-03-18T10:49:09
1,110112,1724,12.06,557.3,2026-03-18T10:49:13
1,110246,1725,12.1,560.4,2026-03-18T10:49:20
1,110361,1726,12.14,561.8,2026-03-18T10:49:26
1,110509,1727,12.2,564.4,2026-03-18T10:49:33
1,110667,1728,12.16,565.3,2026-03-18T10:49:40
1,110795,1729,12.16,565.0,2026-03-18T10:49:45
1,110967,1730,12.4,570.6,2026-03-18T10:49:53
1,111101,1731,12.4,571.9,2026-03-18T10:49:59
1,111220,1732,12.26,569.4,2026-03-18T10:50:05
1,111356,1733,12.36,573.0,2026-03-18T10:50:13
1,111509,1734,12.48,577.5,2026-03-18T10:50:20
1,111609,1735,12.36,575.5,2026-03-18T10:50:27
1,111716,1736,12.36,575.1,2026-03-18T10:50:36
1,111828,1737,12.3,573.3,2026-03-18T10:50:41
1,111976,1738,12.24,573.0,2026-03-18T10:50:47
1,112151,1739,12.32,576.3,2026-03-18T10:50:55
1,112281,1740,12.22,574.0,2026-03-18T10:51:01
1,112382,1741,12.26,575.2,2026-03-18T10:51:05
1,112485,1742,12.24,573.5,2026-03-18T10:51:10
1,112657,1743,12.38,577.9,2026-03-18T10:51:20
1,112819,1744,12.7,581.5,2026-03-18T10:51:28
1,112977,1745,12.9,584.3,2026-03-18T10:51:36
1,113100,1746,13.08,587.5,2026-03-18T10:51:42
1,113201,1747,13.08,586.9,2026-03-18T10:51:47
1,113273,1748,12.96,582.9,2026-03-18T10:51:50
1,113359,1749,12.8,576.0,2026-03-18T10:51:54
1,113504,1750,12.88,579.8,2026-03-18T10:52:01
1,113677,1751,12.86,581.7,2026-03-18T10:52:11
1,113828,1752,12.82,582.1,2026-03-18T10:52:21
1,113942,1753,12.78,581.0,2026-03-18T10:52:27
1,114144,1754,12.82,584.9,2026-03-18T10:52:40
1,114273,1755,12.88,587.9,2026-03-18T10:52:48
1,114363,1756,12.78,585.3,2026-03-18T10:52:53
1,114463,1757,12.68,581.8,2026-03-18T10:52:58
1,114619,1758,12.58,582.2,2026-03-18T10:53:07
1,114749,1759,12.42,579.2,2026-03-18T10:53:15
1,114890,1760,12.3,575.4,2026-03-18T10:53:21
1,115061,1761,12.6,583.6,2026-03-18T10:53:27
1,115190,1762,12.72,586.0,2026-03-18T10:53:31
1,115293,1763,12.78,588.4,2026-03-18T10:53:35
1,115439,1764,12.82,590.0,2026-03-18T10:53:40
1,115550,1765,12.82,592.4,2026-03-18T10:53:44
1,115683,1766,12.86,593.9,2026-03-18T10:53:49
1,115759,1767,12.74,590.6,2026-03-18T10:53:52
1,115901,1768,12.94,596.0,2026-03-18T10:53:57
1,116014,1769,12.84,591.2,2026-03-18T10:54:01
1,116113,1770,12.7,587.8,2026-03-18T10:54:05
1,116166,1771,12.62,584.0,2026-03-18T10:54:07
1,116350,1772,12.62,586.2,2026-03-18T10:54:14
1,116471,1773,12.62,585.8,2026-03-18T10:54:18
1,116529,1774,12.58,583.1,2026-03-18T10:54:20
1,116647,1775,12.58,581.3,2026-03-18T10:54:24
1,116746,1776,12.54,580.0,2026-03-18T10:54:28
1,116875,1777,12.56,578.6,2026-03-18T10:54:32
1,116973,1778,12.44,574.2,2026-03-18T10:54:36
1,117092,1779,12.38,573.5,2026-03-18T10:54:40
1,117227,1780,12.26,570.4,2026-03-18T10:54:45
1,117359,1781,12.3,570.0,2026-03-18T10:54:50
1,117475,1782,12.44,569.8,2026-03-18T10:54:54
1,117564,1783,12.36,566.1,2026-03-18T10:54:57
1,117717,1784,12.4,566.1,2026-03-18T10:55:03
1,117861,1785,12.5,569.5,2026-03-18T10:55:08
1,117955,1786,12.46,568.7,2026-03-18T10:55:11
1,118147,1787,12.68,574.7,2026-03-18T10:55:18
1,118296,1788,12.8,574.7,2026-03-18T10:55:23
1,118429,1789,12.74,570.7,2026-03-18T10:55:28
1,118564,1790,12.74,571.2,2026-03-18T10:55:33
1,118662,1791,12.72,570.8,2026-03-18T10:55:36
1,118789,1792,12.82,573.1,2026-03-18T10:55:41
1,118915,1793,12.7,569.7,2026-03-18T10:55:45
1,119056,1794,12.42,568.5,2026-03-18T10:55:51
1,119178,1795,12.2,565.6,2026-03-18T10:55:55
1,119269,1796,12.04,562.9,2026-03-18T10:55:58
1,119366,1797,12.02,562.6,2026-03-18T10:56:01
1,119488,1798,12.14,566.8,2026-03-18T10:56:06
1,119648,1799,12.28,572.5,2026-03-18T10:56:12
1,119764,1800,12.24,570.2,2026-03-18T10:56:17
1,119885,1801,12.1,566.1,2026-03-18T10:56:21
1,120014,1802,12.1,564.1,2026-03-18T10:56:26
1,120110,1803,12.06,563.0,2026-03-18T10:56:29
1,120205,1804,11.74,554.4,2026-03-18T10:56:33
1,120352,1805,11.78,556.1,2026-03-18T10:56:38
1,120473,1806,11.84,558.9,2026-03-18T10:56:43
1,120595,1807,11.92,560.4,2026-03-18T10:56:47
1,120664,1808,11.74,553.5,2026-03-18T10:56:50
1,120769,1809,11.72,551.7,2026-03-18T10:56:53
1,120870,1810,11.6,548.5,2026-03-18T10:56:57
1,120940,1811,11.32,540.1,2026-03-18T10:56:59
1,121049,1812,11.24,538.6,2026-03-18T10:57:04
1,121180,1813,11.3,540.8,2026-03-18T10:57:09
1,121297,1814,11.3,538.1,2026-03-18T10:57:13
1,121384,1815,11.26,536.0,2026-03-18T10:57:16
1,121476,1816,11.26,532.7,2026-03-18T10:57:20
1,121592,1817,11.34,536.4,2026-03-18T10:57:24
1,121746,1818,11.32,537.2,2026-03-18T10:57:30
1,121867,1819,11.32,537.3,2026-03-18T10:57:35
1,122011,1820,11.52,540.6,2026-03-18T10:57:40
1,122096,1821,11.6,543.0,2026-03-18T10:57:43
1,122198,1822,11.34,536.8,2026-03-18T10:57:47
1,122278,1823,11.24,533.4,2026-03-18T10:57:50
1,122413,1824,11.38,539.5,2026-03-18T10:57:55
1,122524,1825,11.4,539.4,2026-03-18T10:57:59
1,122628,1826,11.42,539.9,2026-03-18T10:58:02
1,122764,1827,11.44,540.4,2026-03-18T10:58:07
1,122911,1828,11.5,544.1,2026-03-18T10:58:13
1,123021,1829,11.48,543.4,2026-03-18T10:58:17
1,123101,1830,11.32,538.9,2026-03-18T10:58:19
1,123210,1831,11.22,537.3,2026-03-18T10:58:23
1,123291,1832,11.02,534.1,2026-03-18T10:58:26
1,123417,1833,11.1,536.7,2026-03-18T10:58:31
1,123532,1834,10.98,533.5,2026-03-18T10:58:35
1,123649,1835,10.92,531.4,2026-03-18T10:58:40
1,123726,1836,10.9,530.0,2026-03-18T10:58:43
1,123767,1837,10.52,518.3,2026-03-18T10:58:44
1,123868,1838,10.32,514.5,2026-03-18T10:58:48
1,123996,1839,10.34,514.4,2026-03-18T10:58:53
1,124070,1840,10.24,509.7,2026-03-18T10:58:55
1,124147,1841,10.2,508.2,2026-03-18T10:58:58
1,124164,1842,9.92,499.5,2026-03-18T10:58:59
1,124278,1843,9.84,498.5,2026-03-18T10:59:03
1,124350,1844,9.72,492.9,2026-03-18T10:59:05
1,124404,1845,9.62,487.6,2026-03-18T10:59:07
1,124511,1846,9.64,488.9,2026-03-18T10:59:11
1,124626,1847,9.7,490.1,2026-03-18T10:59:15
1,124736,1848,9.66,488.7,2026-03-18T10:59:19
1,124879,1849,9.66,487.3,2026-03-18T10:59:24
1,125002,1850,9.68,488.1,2026-03-18T10:59:35
1,125124,1851,9.66,487.7,2026-03-18T10:59:39
1,125213,1852,9.54,484.6,2026-03-18T10:59:43
1,125307,1853,9.52,484.2,2026-03-18T10:59:46
1,125454,1854,9.8,488.6,2026-03-18T10:59:51
1,125534,1855,9.74,482.9,2026-03-18T10:59:54
1,125640,1856,9.62,481.7,2026-03-18T10:59:58
1,125739,1857,9.56,479.8,2026-03-18T11:00:01
1,125840,1858,9.62,482.7,2026-03-18T11:00:05
1,125976,1859,9.66,485.3,2026-03-18T11:00:11
1,126053,1860,9.6,483.6,2026-03-18T11:00:14
1,126141,1861,9.62,485.2,2026-03-18T11:00:17
1,126255,1862,9.68,485.5,2026-03-18T11:00:21
1,126365,1863,9.66,484.1,2026-03-18T11:00:25
1,126467,1864,9.62,483.0,2026-03-18T11:00:28
1,126529,1865,9.58,481.2,2026-03-18T11:00:31
1,126672,1866,9.6,485.2,2026-03-18T11:00:36
1,126722,1867,9.48,480.0,2026-03-18T11:00:38
1,126814,1868,9.36,475.0,2026-03-18T11:00:41
1,126916,1869,9.36,473.5,2026-03-18T11:00:44
1,127012,1870,9.22,469.6,2026-03-18T11:00:48
1,127089,1871,9.16,469.2,2026-03-18T11:00:51
1,127163,1872,9.1,467.1,2026-03-18T11:00:53
1,127255,1873,9.14,468.4,2026-03-18T11:00:56
1,127354,1874,9.08,465.2,2026-03-18T11:01:00
1,127486,1875,9.08,467.0,2026-03-18T11:01:05
1,127539,1876,8.98,462.6,2026-03-18T11:01:07
1,127616,1877,8.8,458.0,2026-03-18T11:01:09
1,127735,1878,8.74,456.1,2026-03-18T11:01:14
1,127825,1879,8.7,454.2,2026-03-18T11:01:17
1,127917,1880,8.76,455.5,2026-03-18T11:01:20
1,128041,1881,8.8,456.9,2026-03-18T11:01:25
1,128176,1882,8.9,461.2,2026-03-18T11:01:30
1,128358,1883,9.1,465.6,2026-03-18T11:01:36
1,128498,1884,9.12,467.9,2026-03-18T11:01:41
1,128590,1885,9.1,465.7,2026-03-18T11:01:45
1,128631,1886,9.0,462.6,2026-03-18T11:01:47
1,128738,1887,9.16,467.5,2026-03-18T11:01:50
1,128889,1888,9.36,471.1,2026-03-18T11:01:56
1,128942,1889,9.16,465.3,2026-03-18T11:01:58
1,129042,1890,9.24,467.2,2026-03-18T11:02:02
1,129141,1891,9.3,468.9,2026-03-18T11:02:06
1,129236,1892,9.48,475.0,2026-03-18T11:02:09
1,129367,1893,9.52,476.4,2026-03-18T11:02:14
1,129518,1894,9.72,482.4,2026-03-18T11:02:19
1,129662,1895,9.88,489.7,2026-03-18T11:02:24
1,129715,1896,9.78,485.3,2026-03-18T11:02:26
1,129839,1897,9.8,486.2,2026-03-18T11:02:30
1,129954,1898,9.84,487.1,2026-03-18T11:02:35
1,130076,1899,9.8,485.5,2026-03-18T11:02:39
1,130117,1900,9.62,478.5,2026-03-18T11:02:40
1,130261,1901,9.76,480.7,2026-03-18T11:02:46
1,130393,1902,9.84,484.4,2026-03-18T11:02:50
1,130499,1903,9.88,485.1,2026-03-18T11:02:54
1,130677,1904,9.76,487.4,2026-03-18T11:03:00
1,130829,1905,9.84,493.2,2026-03-18T11:03:05
1,130939,1906,9.92,493.2,2026-03-18T11:03:10
1,131072,1907,10.02,496.0,2026-03-18T11:03:14
1,131199,1908,10.08,497.7,2026-03-18T11:03:19
1,131307,1909,10.08,495.6,2026-03-18T11:03:23
1,131422,1910,10.14,498.5,2026-03-18T11:03:27
1,131525,1911,10.18,499.3,2026-03-18T11:03:31
1,131593,1912,10.04,495.7,2026-03-18T11:03:33
1,131714,1913,10.06,496.5,2026-03-18T11:03:38
1,131829,1914,10.02,497.7,2026-03-18T11:03:42
1,131968,1915,10.16,503.5,2026-03-18T11:03:47
1,132109,1916,10.2,503.4,2026-03-18T11:03:52
1,132258,1917,10.5,511.0,2026-03-18T11:03:57
1,132337,1918,10.46,510.2,2026-03-18T11:04:00
1,132479,1919,10.5,513.6,2026-03-18T11:04:05
1,132653,1920,10.62,519.9,2026-03-18T11:04:11
1,132719,1921,10.62,519.2,2026-03-18T11:04:14
1,132812,1922,10.7,520.7,2026-03-18T11:04:17
1,132963,1923,10.86,525.4,2026-03-18T11:04:22
1,133091,1924,10.92,527.8,2026-03-18T11:04:28
1,133266,1925,11.08,530.9,2026-03-18T11:04:35
1,133319,1926,11.08,531.3,2026-03-18T11:04:37
1,133448,1927,11.28,535.8,2026-03-18T11:04:45
1,133551,1928,11.24,534.1,2026-03-18T11:04:49
1,133684,1929,11.34,537.8,2026-03-18T11:04:54
1,133791,1930,11.34,538.7,2026-03-18T11:04:58
1,133849,1931,11.18,533.6,2026-03-18T11:05:00
1,134016,1932,11.3,536.2,2026-03-18T11:05:06
1,134118,1933,11.04,530.3,2026-03-18T11:05:11
1,134219,1934,10.98,526.7,2026-03-18T11:05:16
1,134364,1935,11.08,531.1,2026-03-18T11:05:23
1,134495,1936,11.3,538.4,2026-03-18T11:05:28
1,134624,1937,11.34,540.7,2026-03-18T11:05:33
1,134722,1938,11.18,536.9,2026-03-18T11:05:38
1,134810,1939,11.26,539.6,2026-03-18T11:05:42
1,134900,1940,11.2,538.7,2026-03-18T11:05:50
1,135039,1941,11.3,542.0,2026-03-18T11:05:57
1,135232,1942,11.54,549.7,2026-03-18T11:06:14
1,135421,1943,11.74,554.7,2026-03-18T11:06:29
1,135549,1944,11.66,552.9,2026-03-18T11:06:37
1,135619,1945,11.54,546.5,2026-03-18T11:06:42
1,135704,1946,11.6,549.2,2026-03-18T11:06:48
1,135829,1947,11.58,549.1,2026-03-18T11:06:56
1,135901,1948,11.46,545.4,2026-03-18T11:07:01
1,136046,1949,11.5,547.2,2026-03-18T11:07:10
1,136174,1950,11.8,554.5,2026-03-18T11:07:20
1,136299,1951,11.7,552.6,2026-03-18T11:07:28
1,136375,1952,11.6,547.6,2026-03-18T11:07:33
1,136467,1953,11.58,546.6,2026-03-18T11:07:39
1,136557,1954,11.42,540.0,2026-03-18T11:07:45
1,136627,1955,11.26,533.2,2026-03-18T11:07:50
1,136749,1956,11.24,534.4,2026-03-18T11:07:58
1,136850,1957,11.16,531.8,2026-03-18T11:08:04
1,136898,1958,10.98,525.4,2026-03-18T11:08:07
1,137007,1959,10.98,525.4,2026-03-18T11:08:15
1,137131,1960,11.04,525.9,2026-03-18T11:08:22
1,137310,1961,11.24,532.3,2026-03-18T11:08:35
1,137396,1962,11.26,533.9,2026-03-18T11:08:41
1,137449,1963,11.12,528.0,2026-03-18T11:08:45
1,137563,1964,11.12,527.9,2026-03-18T11:08:52
1,137700,1965,11.2,527.8,2026-03-18T11:09:00
1,137745,1966,10.96,520.1,2026-03-18T11:09:04
1,137846,1967,10.78,516.4,2026-03-18T11:09:10
1,137985,1968,11.04,520.9,2026-03-18T11:09:19
1,138086,1969,10.98,517.8,2026-03-18T11:09:26
1,138188,1970,10.82,512.1,2026-03-18T11:09:32
1,138303,1971,10.96,515.6,2026-03-18T11:09:40
1,138356,1972,10.86,512.0,2026-03-18T11:09:44
1,138455,1973,10.72,507.9,2026-03-18T11:09:56
1,138563,1974,10.68,506.4,2026-03-18T11:10:06
1,138666,1975,10.48,500.5,2026-03-18T11:10:15
1,138793,1976,10.64,506.0,2026-03-18T11:10:26
1,138846,1977,10.4,499.7,2026-03-18T11:10:31
1,138948,1978,10.44,499.6,2026-03-18T11:10:39
1,139085,1979,10.44,499.8,2026-03-18T11:10:51
1,139226,1980,10.5,502.6,2026-03-18T11:11:03
1,139279,1981,10.5,502.2,2026-03-18T11:11:08
1,139369,1982,10.28,495.8,2026-03-18T11:11:18
1,139465,1983,10.28,495.2,2026-03-18T11:11:30
1,139560,1984,10.26,494.7,2026-03-18T11:11:40
1,139655,1985,10.14,490.6,2026-03-18T11:11:49
1,139783,1986,10.12,490.6,2026-03-18T11:12:01
1,139904,1987,10.1,489.5,2026-03-18T11:12:12
1,140028,1988,10.1,491.4,2026-03-18T11:12:21
1,140117,1989,10.1,491.4,2026-03-18T11:12:29
1,140196,1990,10.08,490.9,2026-03-18T11:12:35
1,140237,1991,9.84,483.0,2026-03-18T11:12:39
1,140350,1992,9.62,476.3,2026-03-18T11:12:49
1,140403,1993,9.26,465.4,2026-03-18T11:12:53
1,140475,1994,9.14,460.9,2026-03-18T11:13:00
1,140551,1995,9.16,461.9,2026-03-18T11:13:10
1,140679,1996,9.24,465.4,2026-03-18T11:13:20
1,140732,1997,9.1,459.5,2026-03-18T11:13:24
1,140896,1998,9.36,466.7,2026-03-18T11:13:36
1,140999,1999,9.26,463.5,2026-03-18T11:13:43
1,141049,2000,8.98,457.2,2026-03-18T11:13:46
1,141172,2001,8.96,457.2,2026-03-18T11:13:54
1,141267,2002,9.0,458.8,2026-03-18T11:14:00
1,141367,2003,9.02,459.6,2026-03-18T11:14:07
1,141479,2004,9.08,461.3,2026-03-18T11:14:15
1,141587,2005,9.18,464.7,2026-03-18T11:14:22
1,141635,2006,9.02,458.9,2026-03-18T11:14:25
1,141708,2007,8.96,456.7,2026-03-18T11:14:30
1,141844,2008,9.2,463.8,2026-03-18T11:14:38
1,141964,2009,9.18,464.5,2026-03-18T11:14:46
1,142113,2010,9.18,466.4,2026-03-18T11:14:56
1,142245,2011,9.08,462.7,2026-03-18T11:15:05
1,142313,2012,9.04,461.3,2026-03-18T11:15:10
1,142442,2013,9.2,467.9,2026-03-18T11:15:18
1,142516,2014,9.12,464.4,2026-03-18T11:15:23
1,142642,2015,9.04,463.7,2026-03-18T11:15:31
1,142804,2016,9.26,473.0,2026-03-18T11:15:42
1,142905,2017,9.32,473.1,2026-03-18T11:15:48
1,142991,2018,9.08,469.1,2026-03-18T11:15:53
1,143150,2019,9.26,473.8,2026-03-18T11:16:04
1,143262,2020,9.28,475.0,2026-03-18T11:16:11
1,143415,2021,9.32,478.6,2026-03-18T11:16:25
1,143494,2022,9.36,480.9,2026-03-18T11:16:32
1,143636,2023,9.46,484.2,2026-03-18T11:16:41
1,143765,2024,9.46,486.0,2026-03-18T11:16:50
1,143858,2025,9.42,485.2,2026-03-18T11:16:56
1,143973,2026,9.4,484.5,2026-03-18T11:17:04
1,144026,2027,9.4,484.3,2026-03-18T11:17:08
1,144167,2028,9.5,487.4,2026-03-18T11:17:17
1,144220,2029,9.32,480.9,2026-03-18T11:17:21
1,144364,2030,9.3,481.1,2026-03-18T11:17:31
1,144470,2031,9.42,484.9,2026-03-18T11:17:38
1,144572,2032,9.44,486.5,2026-03-18T11:17:45
1,144649,2033,9.38,484.7,2026-03-18T11:17:50
1,144762,2034,9.44,486.5,2026-03-18T11:17:58
1,144874,2035,9.48,488.0,2026-03-18T11:18:06
1,144965,2036,9.38,484.7,2026-03-18T11:18:12
1,145114,2037,9.5,486.9,2026-03-18T11:18:22
1,145189,2038,9.4,483.1,2026-03-18T11:18:27
1,145317,2039,9.46,486.5,2026-03-18T11:18:37
1,145420,2040,9.52,488.6,2026-03-18T11:18:44
1,145521,2041,9.66,493.7,2026-03-18T11:18:50
1,145586,2042,9.56,489.9,2026-03-18T11:18:55
1,145759,2043,9.86,499.2,2026-03-18T11:19:06
1,145914,2044,10.12,506.0,2026-03-18T11:19:16
1,146043,2045,10.2,510.0,2026-03-18T11:19:24
1,146154,2046,10.16,508.5,2026-03-18T11:19:32
1,146262,2047,10.26,513.4,2026-03-18T11:19:38
1,146363,2048,10.06,508.8,2026-03-18T11:19:45
1,146503,2049,10.12,511.4,2026-03-18T11:19:53
1,146611,2050,10.26,516.1,2026-03-18T11:20:01
1,146719,2051,10.24,514.7,2026-03-18T11:20:08
1,146861,2052,10.36,518.7,2026-03-18T11:20:17
1,146988,2053,10.4,520.6,2026-03-18T11:20:25
1,147071,2054,10.3,518.4,2026-03-18T11:20:30
1,147172,2055,10.26,517.5,2026-03-18T11:20:37
1,147300,2056,10.48,523.8,2026-03-18T11:20:48
1,147401,2057,10.54,526.1,2026-03-18T11:20:58
1,147534,2058,10.48,525.9,2026-03-18T11:21:10
1,147729,2059,10.78,532.2,2026-03-18T11:21:26
1,147906,2060,10.94,534.8,2026-03-18T11:21:40
1,147990,2061,10.82,530.6,2026-03-18T11:21:49
1,148064,2062,10.84,530.7,2026-03-18T11:21:56
1,148123,2063,10.68,524.7,2026-03-18T11:22:01
1,148229,2064,10.76,527.8,2026-03-18T11:22:11
1,148343,2065,10.7,526.8,2026-03-18T11:22:20
1,148441,2066,10.6,521.8,2026-03-18T11:22:29
1,148539,2067,10.54,521.3,2026-03-18T11:22:38
1,148636,2068,10.58,522.3,2026-03-18T11:22:46
1,148746,2069,10.4,518.0,2026-03-18T11:22:56
1,148839,2070,10.36,516.1,2026-03-18T11:23:03
1,148932,2071,10.22,511.0,2026-03-18T11:23:11
1,149036,2072,10.36,512.9,2026-03-18T11:23:20
1,149188,2073,10.44,513.2,2026-03-18T11:23:34
1,149250,2074,10.34,508.1,2026-03-18T11:23:40
1,149406,2075,10.54,513.6,2026-03-18T11:23:53
1,149468,2076,10.4,509.1,2026-03-18T11:23:58
1,149624,2077,10.62,517.8,2026-03-18T11:24:13
1,149694,2078,10.42,512.4,2026-03-18T11:24:19
1,149863,2079,10.66,521.3,2026-03-18T11:24:32
1,149970,2080,10.6,518.6,2026-03-18T11:24:39
